URL,Last crawled
https://economicsacademy.co.uk/revision-notes/aqa-as-micro/aqa-as-micro/3.3.4.html,2026-07-23
https://economicsacademy.co.uk/revision-notes/aqa-as-micro/aqa-as-micro/3.2.2.html,2026-07-17
https://economicsacademy.co.uk/revision-notes/aqa-as-micro/index.html,2026-07-04
https://economicsacademy.co.uk/past-papers/edexcel-b/a-level/paper-3/edexcel-b-a-level-economics-paper-3-june-2023-mark-scheme.pdf,2026-03-06
https://economicsacademy.co.uk/revision-notes/aqa-a2-micro/aqa-a-micro/4.5.3.html,2026-03-05
https://economicsacademy.co.uk/revision-notes/aqa-a2-micro/aqa-a-micro/4.6.3.html,2026-03-03
https://economicsacademy.co.uk/revision-notes/aqa-a2-micro/aqa-a-micro/4.7.3.html,2026-02-28
https://economicsacademy.co.uk/revision-notes/aqa-a2-micro/aqa-a-micro/4.2.1.html,2026-02-27
https://economicsacademy.co.uk/revision-notes/aqa-a2-micro/aqa-a-micro/4.3.1.html,2026-02-26
https://economicsacademy.co.uk/revision-notes/aqa-a2-micro/aqa-a-micro/4.1.1.html,2026-02-26