Top pages,Last 28 days Clicks,Previous 28 days Clicks,Last 28 days Impressions,Previous 28 days Impressions,Last 28 days CTR,Previous 28 days CTR,Last 28 days Position,Previous 28 days Position
https://economicsacademy.co.uk/revision-notes/,62,84,2639,2086,2.35%,4.03%,12.14,9.13
https://economicsacademy.co.uk/,38,18,635,620,5.98%,2.9%,22.46,23.12
https://economicsacademy.co.uk/revision-notes/macroeconomics-diagrams.html,15,14,1932,867,0.78%,1.61%,14.2,13.7
https://economicsacademy.co.uk/past-papers/edexcel-b/,10,11,1545,1608,0.65%,0.68%,15.98,11.04
https://economicsacademy.co.uk/revision-notes/microeconomics-diagrams.html,9,5,1262,515,0.71%,0.97%,13.19,15.48
https://economicsacademy.co.uk/tutoring.html,8,8,248,106,3.23%,7.55%,25.75,17.39
https://economicsacademy.co.uk/revision-notes/edexcel-theme-1/1-1-1-economics-as-a-social-science.html,6,5,358,174,1.68%,2.87%,7.42,9.27
https://economicsacademy.co.uk/revision-notes/edexcel-theme-1/,4,6,490,314,0.82%,1.91%,12.18,8.68
https://economicsacademy.co.uk/revision-notes/edexcel-theme-1/1-1-3-the-economic-problem.html,4,2,432,241,0.93%,0.83%,4.88,5.05
https://economicsacademy.co.uk/revision-notes/edexcel-theme-4/,4,3,376,240,1.06%,1.25%,16.76,11.32
https://economicsacademy.co.uk/revision-notes/edexcel-theme-2/,4,1,214,158,1.87%,0.63%,13.3,9.97
https://economicsacademy.co.uk/revision-notes/edexcel-theme-1/1-3-1-types-of-market-failure.html,3,1,2489,481,0.12%,0.21%,9.78,20.41
https://economicsacademy.co.uk/marking.html,3,3,115,83,2.61%,3.61%,12.12,10.48
https://economicsacademy.co.uk/practice-questions/edexcel-theme-4/4-1-8-exchange-rates.html,3,0,15,0,20%,0%,31.2,0
https://economicsacademy.co.uk/revision-notes/edexcel-theme-1/1-3-4-information-gaps.html,2,2,2868,599,0.07%,0.33%,7.34,8.27
https://economicsacademy.co.uk/revision-notes/edexcel-theme-1/1-1-5-specialisation-division-of-labour.html,2,3,1048,639,0.19%,0.47%,13.84,12.78
https://economicsacademy.co.uk/past-papers/aqa/,2,10,1027,779,0.19%,1.28%,24.15,20.56
https://economicsacademy.co.uk/past-papers/ocr/,2,14,787,775,0.25%,1.81%,22.66,14.47
https://economicsacademy.co.uk/revision-notes/edexcel-theme-1/1-2-1-rational-decision-making.html,2,0,449,137,0.45%,0%,13.99,15.34
https://economicsacademy.co.uk/past-papers/aqa/a-level/paper-2/aqa-a-level-economics-paper-2-specimen-question-paper.pdf,2,1,201,139,1%,0.72%,35.52,25.8
https://economicsacademy.co.uk/index.html,2,0,168,150,1.19%,0%,16.7,13.87
https://economicsacademy.co.uk/revision-notes/edexcel-theme-3/,2,0,87,0,2.3%,0%,13.77,0
https://economicsacademy.co.uk/revision-notes/edexcel-theme-3/index.html,2,6,64,176,3.12%,3.41%,11.97,8.84
https://economicsacademy.co.uk/revision-notes/glossary/,2,0,54,0,3.7%,0%,8.56,0
https://economicsacademy.co.uk/past-paper-questions/aqa/,2,0,32,0,6.25%,0%,20.56,0
https://economicsacademy.co.uk/practice-questions/aqa-a2-micro/1-4-3-the-law-of-diminishing-returns-and-returns-to-scale.html,2,0,27,0,7.41%,0%,10.26,0
https://economicsacademy.co.uk/practice-questions/,2,0,27,0,7.41%,0%,28.67,0
https://economicsacademy.co.uk/practice-questions/aqa-a2-macro/2-2-1-the-circular-flow-of-income.html,2,0,18,0,11.11%,0%,6.28,0
https://economicsacademy.co.uk/practice-questions/edexcel-theme-1/1-3-3-public-goods.html,2,0,10,0,20%,0%,12.3,0
https://economicsacademy.co.uk/practice-questions/aqa-a2-micro/1-8-4-positive-and-negative-externalities-in-consumption-and-production.html,2,0,10,0,20%,0%,15.1,0
https://economicsacademy.co.uk/practice-questions/edexcel-theme-4/4-2-1-absolute-relative-poverty.html,2,0,7,0,28.57%,0%,18.71,0
https://economicsacademy.co.uk/revision-notes/edexcel-theme-1/1-4-2-government-failure.html,1,0,447,167,0.22%,0%,16.21,17
https://economicsacademy.co.uk/past-papers/edexcel/,1,0,245,0,0.41%,0%,51.67,0
https://economicsacademy.co.uk/past-papers/,1,0,244,0,0.41%,0%,39.16,0
https://economicsacademy.co.uk/revision-notes/edexcel-theme-2/2-6-3-supply-side-policies.html,1,1,172,41,0.58%,2.44%,13.7,11.61
https://economicsacademy.co.uk/revision-notes/edexcel-theme-1/1-1-2-positive-normative-statements.html,1,0,122,106,0.82%,0%,27.1,31.71
https://economicsacademy.co.uk/practice-questions/edexcel-theme-2/,1,0,105,0,0.95%,0%,37.3,0
https://economicsacademy.co.uk/past-papers/aqa/a-level/paper-3/aqa-a-level-economics-paper-3-june-2021-question-paper.pdf,1,0,51,267,1.96%,0%,30.88,29
https://economicsacademy.co.uk/practice-questions/edexcel-theme-3/3-1-2-business-growth.html,1,0,46,0,2.17%,0%,10.61,0
https://economicsacademy.co.uk/practice-questions/edexcel-theme-4/,1,0,44,0,2.27%,0%,30.86,0
https://economicsacademy.co.uk/past-papers/aqa/a-level/paper-1/aqa-a-level-economics-paper-1-specimen-question-paper.pdf,1,0,42,85,2.38%,0%,23.52,31.39
https://economicsacademy.co.uk/past-paper-questions/aqa/microeconomics/,1,0,39,0,2.56%,0%,22.82,0
https://economicsacademy.co.uk/past-paper-questions/edexcel/theme-1/,1,0,32,0,3.12%,0%,20.97,0
https://economicsacademy.co.uk/past-paper-questions/edexcel/4-1-1-globalisation/,1,0,31,0,3.23%,0%,24.45,0
https://economicsacademy.co.uk/practice-questions/edexcel-theme-1/1-2-7-price-mechanism.html,1,0,30,0,3.33%,0%,12,0
https://economicsacademy.co.uk/practice-questions/edexcel-theme-2/index.html,1,0,25,0,4%,0%,23.92,0
https://economicsacademy.co.uk/past-paper-questions/edexcel/4-5-2-taxation/,1,0,24,0,4.17%,0%,16.08,0
https://economicsacademy.co.uk/practice-questions/edexcel-theme-3/3-4-4-oligopoly.html,1,0,19,0,5.26%,0%,14.74,0
https://economicsacademy.co.uk/revision-notes/edexcel-theme-2/2-2-1-aggregate-demand.html,1,0,19,12,5.26%,0%,22.37,20.17
https://economicsacademy.co.uk/past-paper-questions/edexcel/1-3-2-externalities/,1,0,18,0,5.56%,0%,10.72,0
https://economicsacademy.co.uk/past-paper-questions/edexcel/3-3-2-costs/,1,0,18,0,5.56%,0%,21.83,0
https://economicsacademy.co.uk/past-paper-questions/aqa/1-7-1-the-distribution-of-income-and-wealth/,1,0,17,0,5.88%,0%,8.41,0
https://economicsacademy.co.uk/practice-questions/aqa-a2-micro/1-4-5-economies-and-diseconomies-of-scale.html,1,0,17,0,5.88%,0%,9.76,0
https://economicsacademy.co.uk/past-paper-questions/edexcel/4-2-2-inequality/,1,0,15,0,6.67%,0%,14.87,0
https://economicsacademy.co.uk/past-paper-questions/edexcel/3-4-4-oligopoly/,1,0,15,0,6.67%,0%,17.27,0
https://economicsacademy.co.uk/past-paper-questions/aqa/1-5-10-market-structure-efficiency-resource-allocation/,1,0,15,0,6.67%,0%,43.93,0
https://economicsacademy.co.uk/past-paper-questions/edexcel/1-2-6-price-determination/,1,0,13,0,7.69%,0%,14.08,0
https://economicsacademy.co.uk/past-paper-questions/edexcel/2-2-2-consumption/,1,0,13,0,7.69%,0%,36,0
https://economicsacademy.co.uk/revision-notes/aqa-a2-micro/1-5-1-market-structures.html,1,0,12,0,8.33%,0%,13.75,0
https://economicsacademy.co.uk/revision-notes/edexcel-theme-3/3-6-2-the-impact-of-government-intervention.html,1,0,12,12,8.33%,0%,16.67,8.17
https://economicsacademy.co.uk/practice-questions/aqa-a2-micro/1-1-5-production-possibility-diagrams.html,1,0,12,0,8.33%,0%,18.5,0
https://economicsacademy.co.uk/past-paper-questions/edexcel/1-1-3-the-economic-problem/,1,0,12,0,8.33%,0%,28.75,0
https://economicsacademy.co.uk/past-paper-questions/aqa/2-5-2-supply-side-policies/,1,0,11,0,9.09%,0%,11.82,0
https://economicsacademy.co.uk/revision-notes/aqa-a2-macro/2-6-1-globalisation.html,1,0,9,0,11.11%,0%,10.78,0
https://economicsacademy.co.uk/revision-notes/edexcel-theme-2/2-6-4-conflicts-between-objectives-and-policies.html,1,0,8,10,12.5%,0%,12.25,17
https://economicsacademy.co.uk/practice-questions/edexcel-theme-3/3-6-2-the-impact-of-government-intervention.html,1,0,8,0,12.5%,0%,43.88,0
https://economicsacademy.co.uk/past-paper-questions/edexcel/3-3-4-normal-profits-supernormal-profits-losses/,1,0,8,0,12.5%,0%,52.5,0
https://economicsacademy.co.uk/practice-questions/edexcel-theme-2/2-4-3-equilibrium-levels-of-real-national-output.html,1,0,5,0,20%,0%,6.2,0
https://economicsacademy.co.uk/practice-questions/edexcel-theme-3/3-4-5-monopoly.html,1,0,5,0,20%,0%,21.8,0
https://economicsacademy.co.uk/practice-questions/aqa-a2-macro/2-6-1-globalisation.html,1,0,5,0,20%,0%,32.6,0
https://economicsacademy.co.uk/practice-questions/edexcel-theme-3/3-1-1-sizes-types-of-firms.html,1,0,4,0,25%,0%,7.75,0
https://economicsacademy.co.uk/practice-questions/edexcel-theme-1/1-1-3-the-economic-problem.html,1,0,3,0,33.33%,0%,1.67,0
https://economicsacademy.co.uk/revision-notes/edexcel-theme-1/1-4-1-government-intervention-in-markets.html,0,0,535,289,0%,0%,25.76,40.41
https://economicsacademy.co.uk/revision-notes/edexcel-theme-1/1-2-5-price-elasticity-of-supply.html,0,0,430,0,0%,0%,21.56,0
https://economicsacademy.co.uk/past-papers/edexcel/index.html,0,0,377,494,0%,0%,39.88,36.68
https://economicsacademy.co.uk/revision-notes/edexcel-theme-2/2-2-4-government-expenditure.html,0,0,324,292,0%,0%,11.23,17.61
https://economicsacademy.co.uk/past-paper-questions/,0,0,248,0,0%,0%,39.48,0
https://economicsacademy.co.uk/past-paper-questions/aqa/1-3-5-the-determination-of-equilibrium-market-prices/,0,0,208,0,0%,0%,6.44,0
https://economicsacademy.co.uk/revision-notes/aqa-a2-micro/,0,0,206,227,0%,0%,20.67,10.72
https://economicsacademy.co.uk/past-papers/index.html,0,0,103,163,0%,0%,42.41,35.59
https://economicsacademy.co.uk/past-paper-questions/edexcel/1-3-4-information-gaps/,0,0,81,0,0%,0%,9.65,0
https://economicsacademy.co.uk/revision-notes/aqa-a2-macro/,0,0,66,50,0%,0%,14,9.1
https://economicsacademy.co.uk/past-papers/aqa/a-level/paper-3/aqa-a-level-economics-paper-3-june-2020-question-paper.pdf,0,1,60,84,0%,1.19%,42.25,27.35
https://economicsacademy.co.uk/past-paper-questions/edexcel/,0,0,59,0,0%,0%,34.58,0
https://economicsacademy.co.uk/revision-notes/edexcel-theme-4/4-1-8-exchange-rates.html,0,0,56,0,0%,0%,13.29,0
https://economicsacademy.co.uk/revision-notes/edexcel-theme-2/2-5-2-output-gaps.html,0,0,44,38,0%,0%,22.41,27.29
https://economicsacademy.co.uk/flashcards/,0,0,42,0,0%,0%,17,0
https://economicsacademy.co.uk/past-papers/aqa/as-level/paper-2/aqa-as-level-economics-paper-2-june-2019-question-paper.pdf,0,0,42,83,0%,0%,34.31,28.1
https://economicsacademy.co.uk/practice-questions/edexcel-theme-1/1-4-2-government-failure.html,0,0,41,0,0%,0%,40.15,0
https://economicsacademy.co.uk/past-paper-questions/edexcel/theme-3/,0,0,40,0,0%,0%,29.75,0
https://economicsacademy.co.uk/revision-notes/edexcel-theme-2/2-6-2-demand-side-policies.html,0,0,38,11,0%,0%,12.34,16.45
https://economicsacademy.co.uk/practice-questions/edexcel-theme-3/,0,0,38,0,0%,0%,36.71,0
https://economicsacademy.co.uk/practice-questions/aqa-a2-micro/1-8-5-merit-and-demerit-goods.html,0,0,37,0,0%,0%,15.08,0
https://economicsacademy.co.uk/revision-notes/aqa-a2-macro/2-3-2-employment-and-unemployment.html,0,0,37,0,0%,0%,16.57,0
https://economicsacademy.co.uk/revision-notes/aqa-a2-micro/1-5-5-oligopoly.html,0,0,36,0,0%,0%,19.47,0
https://economicsacademy.co.uk/past-paper-questions/edexcel/1-3-1-types-of-market-failure/,0,0,36,0,0%,0%,24.86,0
https://economicsacademy.co.uk/revision-notes/edexcel-theme-1/1-1-4-production-possibility-frontiers.html,0,1,35,9,0%,11.11%,19.11,12.22
https://economicsacademy.co.uk/past-paper-questions/edexcel/theme-2/,0,0,35,0,0%,0%,21.77,0
https://economicsacademy.co.uk/practice-questions/edexcel-theme-3/3-3-4-normal-profits-supernormal-profits-losses.html,0,0,34,0,0%,0%,12.85,0
https://economicsacademy.co.uk/past-paper-questions/aqa/1-8-4-positive-and-negative-externalities-in-consumption-and-production/,0,0,30,0,0%,0%,5.33,0
https://economicsacademy.co.uk/revision-notes/aqa-a2-micro/1-8-2-the-meaning-of-market-failure.html,0,0,30,0,0%,0%,13.47,0
https://economicsacademy.co.uk/past-papers/aqa/as-level/paper-2/aqa-as-level-economics-paper-2-june-2022-question-paper.pdf,0,0,30,197,0%,0%,17.07,25.51
https://economicsacademy.co.uk/revision-notes/edexcel-theme-2/2-5-4-the-impact-of-economic-growth.html,0,0,30,9,0%,0%,17.3,22.89
https://economicsacademy.co.uk/practice-questions/edexcel-theme-1/,0,0,30,0,0%,0%,21.77,0
https://economicsacademy.co.uk/revision-notes/edexcel-theme-2/2-3-1-aggregate-supply.html,0,0,29,8,0%,0%,17.21,23.62
https://economicsacademy.co.uk/revision-notes/edexcel-theme-2/2-1-3-employment-unemployment.html,0,0,25,6,0%,0%,10.6,16
https://economicsacademy.co.uk/revision-notes/edexcel-theme-1/1-1-6-types-of-economies.html,0,0,25,0,0%,0%,15.36,0
https://economicsacademy.co.uk/revision-notes/edexcel-theme-2/2-3-2-short-run-aggregate-supply.html,0,0,24,15,0%,0%,13.04,8.47
https://economicsacademy.co.uk/practice-questions/edexcel-theme-2/2-5-2-output-gaps.html,0,0,24,0,0%,0%,16.92,0
https://economicsacademy.co.uk/revision-notes/edexcel-theme-2/2-1-4-balance-of-payments.html,0,1,23,8,0%,12.5%,12.74,19.25
https://economicsacademy.co.uk/past-papers/aqa/as-level/paper-2/aqa-as-level-economics-paper-2-june-2018-question-paper.pdf,0,1,23,171,0%,0.58%,21.3,28.39
https://economicsacademy.co.uk/practice-questions/edexcel-theme-1/1-3-4-information-gaps.html,0,0,22,0,0%,0%,14.14,0
https://economicsacademy.co.uk/past-papers/aqa/as-level/paper-1/aqa-as-level-economics-paper-1-june-2019-question-paper.pdf,0,0,22,63,0%,0%,25.32,26.63
https://economicsacademy.co.uk/practice-questions/edexcel-theme-4/index.html,0,0,22,0,0%,0%,31.77,0
https://economicsacademy.co.uk/revision-notes/edexcel-theme-2/2-2-2-consumption.html,0,0,21,10,0%,0%,7.33,15.5
https://economicsacademy.co.uk/practice-questions/aqa-a2-micro/1-3-6-the-interrelationship-between-markets.html,0,0,21,0,0%,0%,11.76,0
https://economicsacademy.co.uk/practice-questions/edexcel-theme-1/1-2-2-demand.html,0,0,21,0,0%,0%,12,0
https://economicsacademy.co.uk/revision-notes/edexcel-theme-2/2-5-1-causes-of-growth.html,0,0,21,7,0%,0%,27.86,22
https://economicsacademy.co.uk/revision-notes/edexcel-theme-1/1-2-2-demand.html,0,0,20,1,0%,0%,14.15,10
https://economicsacademy.co.uk/practice-questions/edexcel-theme-2/2-4-2-injections-withdrawals.html,0,0,20,0,0%,0%,21.25,0
https://economicsacademy.co.uk/revision-notes/edexcel-theme-2/2-6-1-possible-macroeconomic-objectives.html,0,0,19,5,0%,0%,13.05,6.8
https://economicsacademy.co.uk/revision-notes/aqa-a2-macro/2-6-4-exchange-rate-systems.html,0,0,19,0,0%,0%,20.58,0
https://economicsacademy.co.uk/practice-questions/aqa-a2-micro/1-5-9-contestable-and-non-contestable-markets.html,0,0,19,0,0%,0%,21.21,0
https://economicsacademy.co.uk/past-paper-questions/edexcel/3-4-5-monopoly/,0,0,19,0,0%,0%,21.53,0
https://economicsacademy.co.uk/practice-questions/edexcel-theme-1/1-3-1-types-of-market-failure.html,0,0,18,0,0%,0%,15.89,0
https://economicsacademy.co.uk/practice-questions/edexcel-theme-4/4-1-3-pattern-of-trade.html,0,0,18,0,0%,0%,22.44,0
https://economicsacademy.co.uk/practice-questions/aqa-a2-micro/1-8-1-how-markets-and-prices-allocate-resources.html,0,0,18,0,0%,0%,23.83,0
https://economicsacademy.co.uk/practice-questions/aqa-a2-micro/1-6-5-the-influence-of-trade-unions-in-determining-wages-and-levels-of-employment.html,0,0,18,0,0%,0%,30,0
https://economicsacademy.co.uk/past-paper-questions/edexcel/1-1-6-types-of-economies/,0,0,18,0,0%,0%,46.22,0
https://economicsacademy.co.uk/past-paper-questions/edexcel/1-2-2-demand/,0,0,17,0,0%,0%,52.65,0
https://economicsacademy.co.uk/practice-questions/aqa-a2-micro/1-2-3-aspects-of-behavioural-economic-theory.html,0,0,16,0,0%,0%,10.94,0
https://economicsacademy.co.uk/practice-questions/edexcel-theme-2/2-2-5-net-trade.html,0,0,16,0,0%,0%,13.69,0
https://economicsacademy.co.uk/practice-questions/edexcel-theme-3/index.html,0,0,16,0,0%,0%,16.06,0
https://economicsacademy.co.uk/practice-questions/aqa-a2-micro/1-8-2-the-meaning-of-market-failure.html,0,0,16,0,0%,0%,17.94,0
https://economicsacademy.co.uk/practice-questions/aqa-a2-micro/1-6-4-wage-determination-imperfectly-competitive-labour-markets.html,0,0,16,0,0%,0%,20.44,0
https://economicsacademy.co.uk/past-paper-questions/edexcel/2-1-3-employment-unemployment/,0,0,16,0,0%,0%,21.44,0
https://economicsacademy.co.uk/past-paper-questions/edexcel/3-1-2-business-growth/,0,0,16,0,0%,0%,42.5,0
https://economicsacademy.co.uk/revision-notes/aqa-a2-macro/2-1-4-uses-of-national-income-data.html,0,0,15,0,0%,0%,10.73,0
https://economicsacademy.co.uk/past-papers/aqa/as-level/paper-1/aqa-as-level-economics-paper-1-specimen-question-paper.pdf,0,0,15,105,0%,0%,11.6,26.19
https://economicsacademy.co.uk/practice-questions/edexcel-theme-1/index.html,0,0,15,0,0%,0%,15.53,0
https://economicsacademy.co.uk/practice-questions/edexcel-theme-1/1-2-8-producer-consumer-surplus.html,0,0,14,0,0%,0%,6,0
https://economicsacademy.co.uk/past-paper-questions/edexcel/1-2-10-alternative-views-of-consumer-behaviour/,0,0,14,0,0%,0%,22.36,0
https://economicsacademy.co.uk/revision-notes/aqa-a2-macro/2-1-3-uses-of-index-numbers.html,0,0,13,0,0%,0%,5.31,0
https://economicsacademy.co.uk/past-paper-questions/aqa/macroeconomics/,0,0,13,0,0%,0%,8.08,0
https://economicsacademy.co.uk/practice-questions/edexcel-theme-2/2-3-2-short-run-aggregate-supply.html,0,0,13,0,0%,0%,9.08,0
https://economicsacademy.co.uk/past-paper-questions/edexcel/2-6-2-demand-side-policies/,0,0,13,0,0%,0%,11.62,0
https://economicsacademy.co.uk/revision-notes/aqa-a2-micro/1-8-6-market-imperfections.html,0,0,13,0,0%,0%,12.54,0
https://economicsacademy.co.uk/practice-questions/edexcel-theme-1/1-1-2-positive-normative-statements.html,0,0,13,0,0%,0%,15.38,0
https://economicsacademy.co.uk/past-papers/aqa/a-level/paper-3/aqa-a-level-economics-paper-3-june-2022-question-paper.pdf,0,0,13,31,0%,0%,21.69,28.9
https://economicsacademy.co.uk/practice-questions/edexcel-theme-4/4-1-1-globalisation.html,0,0,13,0,0%,0%,41.15,0
https://economicsacademy.co.uk/practice-questions/aqa-a2-micro/1-6-3-wage-determination-perfectly-competitive-labour-markets.html,0,0,12,0,0%,0%,8.92,0
https://economicsacademy.co.uk/past-paper-questions/aqa/2-5-1-fiscal-policy/,0,0,12,0,0%,0%,9.58,0
https://economicsacademy.co.uk/practice-questions/edexcel-theme-3/3-4-1-efficiency.html,0,0,12,0,0%,0%,13.25,0
https://economicsacademy.co.uk/past-paper-questions/edexcel/3-6-1-government-intervention/,0,0,12,0,0%,0%,14.17,0
https://economicsacademy.co.uk/past-paper-questions/edexcel/2-2-4-government-expenditure/,0,0,12,0,0%,0%,17.83,0
https://economicsacademy.co.uk/practice-questions/aqa-a2-macro/,0,0,12,0,0%,0%,27.67,0
https://economicsacademy.co.uk/past-paper-questions/edexcel/4-1-8-exchange-rates/,0,0,12,0,0%,0%,37,0
https://economicsacademy.co.uk/past-paper-questions/edexcel/1-4-1-government-intervention-in-markets/,0,0,11,0,0%,0%,19.18,0
https://economicsacademy.co.uk/past-paper-questions/edexcel/4-1-9-international-competitiveness/,0,0,11,0,0%,0%,22.82,0
https://economicsacademy.co.uk/practice-questions/edexcel-theme-3/3-4-3-monopolistic-competition.html,0,0,11,0,0%,0%,25.82,0
https://economicsacademy.co.uk/practice-questions/edexcel-theme-1/1-2-1-rational-decision-making.html,0,0,11,0,0%,0%,37.09,0
https://economicsacademy.co.uk/past-paper-questions/aqa/2-6-1-globalisation/,0,0,10,0,0%,0%,7.3,0
https://economicsacademy.co.uk/practice-questions/edexcel-theme-1/1-3-2-externalities.html,0,0,10,0,0%,0%,7.6,0
https://economicsacademy.co.uk/practice-questions/aqa-a2-micro/1-4-1-production-and-productivity.html,0,0,10,0,0%,0%,10.3,0
https://economicsacademy.co.uk/past-paper-questions/aqa/2-3-3-inflation-and-deflation/,0,0,10,0,0%,0%,13.4,0
https://economicsacademy.co.uk/practice-questions/aqa-a2-micro/1-8-10-government-failure.html,0,0,10,0,0%,0%,16.5,0
https://economicsacademy.co.uk/practice-questions/edexcel-theme-1/1-2-10-alternative-views-of-consumer-behaviour.html,0,0,10,0,0%,0%,37.7,0
https://economicsacademy.co.uk/revision-notes/aqa-a2-macro/2-1-2-macroeconomic-indicators.html,0,0,9,0,0%,0%,15.89,0
https://economicsacademy.co.uk/revision-notes/edexcel-theme-2/2-1-2-inflation.html,0,0,9,4,0%,0%,21.89,18
https://economicsacademy.co.uk/past-paper-questions/edexcel/1-2-3-price-income-cross-elasticities-of-demand/,0,0,9,0,0%,0%,25.89,0
https://economicsacademy.co.uk/revision-notes/aqa-a2-micro/1-7-3-government-policies-poverty-income-distribution.html,0,0,8,0,0%,0%,5.12,0
https://economicsacademy.co.uk/practice-questions/aqa-a2-micro/1-7-2-the-problem-of-poverty.html,0,0,8,0,0%,0%,5.25,0
https://economicsacademy.co.uk/past-paper-questions/edexcel/2-1-2-inflation/,0,0,8,0,0%,0%,6.12,0
https://economicsacademy.co.uk/revision-notes/aqa-a2-micro/1-3-6-the-interrelationship-between-markets.html,0,0,8,0,0%,0%,8.25,0
https://economicsacademy.co.uk/practice-questions/edexcel-theme-4/4-1-4-terms-of-trade.html,0,0,8,0,0%,0%,8.5,0
https://economicsacademy.co.uk/practice-questions/aqa-a2-micro/1-3-1-the-determinants-of-the-demand-for-goods-and-services.html,0,0,8,0,0%,0%,9.12,0
https://economicsacademy.co.uk/revision-notes/edexcel-theme-1/1-2-7-price-mechanism.html,0,0,8,3,0%,0%,28,39.33
https://economicsacademy.co.uk/practice-questions/edexcel-theme-3/3-5-3-wage-determination.html,0,0,8,0,0%,0%,50.12,0
https://economicsacademy.co.uk/practice-questions/edexcel-theme-2/2-4-4-the-multiplier.html,0,0,7,0,0%,0%,10,0
https://economicsacademy.co.uk/past-paper-questions/edexcel/3-5-3-wage-determination/,0,0,7,0,0%,0%,13.14,0
https://economicsacademy.co.uk/flashcards/edexcel-a/theme-2/,0,0,7,0,0%,0%,23.14,0
https://economicsacademy.co.uk/past-paper-questions/aqa/1-8-7-competition-policy/,0,0,7,0,0%,0%,24.57,0
https://economicsacademy.co.uk/practice-questions/edexcel-theme-3/3-4-7-contestability.html,0,0,7,0,0%,0%,25,0
https://economicsacademy.co.uk/practice-questions/edexcel-theme-4/4-1-9-international-competitiveness.html,0,0,7,0,0%,0%,26.57,0
https://economicsacademy.co.uk/past-paper-questions/edexcel/2-2-3-investment/,0,0,7,0,0%,0%,29.57,0
https://economicsacademy.co.uk/practice-questions/edexcel-theme-3/3-5-2-supply-of-labour.html,0,0,7,0,0%,0%,32.86,0
https://economicsacademy.co.uk/flashcards/aqa/macro/?topic=2-6-2-trade,0,0,7,0,0%,0%,39.86,0
https://economicsacademy.co.uk/past-paper-questions/aqa/1-6-5-the-influence-of-trade-unions-in-determining-wages-and-levels-of-employment/,0,0,7,0,0%,0%,40.43,0
https://economicsacademy.co.uk/past-paper-questions/edexcel/1-2-1-rational-decision-making/,0,0,7,0,0%,0%,63.14,0
https://economicsacademy.co.uk/practice-questions/aqa-a2-micro/1-5-1-market-structures.html,0,0,6,0,0%,0%,14.67,0
https://economicsacademy.co.uk/past-paper-questions/edexcel/4-5-3-public-sector-finances/,0,0,6,0,0%,0%,19,0
https://economicsacademy.co.uk/revision-notes/edexcel-theme-4/4-3-2-factors-influencing-growth-development.html,0,0,6,8,0%,0%,24.33,7.5
https://economicsacademy.co.uk/practice-questions/aqa-a2-micro/1-4-7-profit.html,0,0,6,0,0%,0%,25.83,0
https://economicsacademy.co.uk/revision-notes/edexcel-theme-4/4-5-3-public-sector-finances.html,0,0,6,11,0%,0%,32.83,8.82
https://economicsacademy.co.uk/practice-questions/aqa-a2-micro/1-6-6-the-national-minimum-wage.html,0,0,6,0,0%,0%,34.17,0
https://economicsacademy.co.uk/practice-questions/aqa-a2-micro/,0,0,6,0,0%,0%,37,0
https://economicsacademy.co.uk/flashcards/edexcel-a/theme-4/,0,0,6,0,0%,0%,63.67,0
https://economicsacademy.co.uk/past-paper-questions/aqa/2-2-6-determinants-of-long-run-aggregate-supply/,0,0,5,0,0%,0%,5,0
https://economicsacademy.co.uk/practice-questions/aqa-a2-micro/1-2-1-consumer-behaviour.html,0,0,5,0,0%,0%,5.8,0
https://economicsacademy.co.uk/practice-questions/edexcel-theme-4/4-2-2-inequality.html,0,0,5,0,0%,0%,6.2,0
https://economicsacademy.co.uk/practice-questions/aqa-a2-macro/2-2-6-determinants-of-long-run-aggregate-supply.html,0,0,5,0,0%,0%,8.2,0
https://economicsacademy.co.uk/past-paper-questions/aqa/1-6-2-influence-upon-the-supply-of-labour-to-different-markets/,0,0,5,0,0%,0%,10.8,0
https://economicsacademy.co.uk/practice-questions/edexcel-theme-4/4-5-1-public-expenditure.html,0,0,5,0,0%,0%,11,0
https://economicsacademy.co.uk/practice-questions/edexcel-theme-3/3-4-2-perfect-competition.html,0,0,5,0,0%,0%,12,0
https://economicsacademy.co.uk/practice-questions/edexcel-theme-2/2-5-4-the-impact-of-economic-growth.html,0,0,5,0,0%,0%,16.4,0
https://economicsacademy.co.uk/practice-questions/edexcel-theme-3/3-6-1-government-intervention.html,0,0,5,0,0%,0%,17.6,0
https://economicsacademy.co.uk/practice-questions/edexcel-theme-2/2-4-1-national-income.html,0,0,5,0,0%,0%,17.8,0
https://economicsacademy.co.uk/revision-notes/edexcel-theme-4/4-3-3-strategies-influencing-growth-development.html,0,0,5,6,0%,0%,18,13.17
https://economicsacademy.co.uk/past-paper-questions/aqa/1-6-7-discrimination-in-the-labour-market/,0,0,5,0,0%,0%,22.2,0
https://economicsacademy.co.uk/practice-questions/aqa-a2-macro/2-2-5-determinants-of-short-run-aggregate-supply.html,0,0,5,0,0%,0%,24.2,0
https://economicsacademy.co.uk/revision-notes/edexcel-theme-4/4-4-1-role-of-financial-markets.html,0,0,5,15,0%,0%,26.4,13.33
https://economicsacademy.co.uk/practice-questions/edexcel-theme-4/4-5-3-public-sector-finances.html,0,0,5,0,0%,0%,31.2,0
https://economicsacademy.co.uk/faq.html,0,0,4,0,0%,0%,3.75,0
https://economicsacademy.co.uk/practice-questions/aqa-a2-macro/2-4-2-commercial-banks-and-investment-banks.html,0,0,4,0,0%,0%,6.5,0
https://economicsacademy.co.uk/revision-notes/edexcel-theme-4/4-2-2-inequality.html,0,0,4,0,0%,0%,6.5,0
https://economicsacademy.co.uk/practice-questions/edexcel-theme-2/2-1-2-inflation.html,0,0,4,0,0%,0%,8.5,0
https://economicsacademy.co.uk/practice-questions/aqa-a2-micro/1-4-6-marginal-average-and-total-revenue.html,0,0,4,0,0%,0%,8.75,0
https://economicsacademy.co.uk/practice-questions/aqa-a2-macro/2-1-1-the-objectives-of-government-economic-policy.html,0,0,4,0,0%,0%,9.25,0
https://economicsacademy.co.uk/practice-questions/edexcel-theme-3/3-3-2-costs.html,0,0,4,0,0%,0%,10.75,0
https://economicsacademy.co.uk/practice-questions/edexcel-theme-4/4-1-7-balance-of-payments.html,0,0,4,0,0%,0%,12.25,0
https://economicsacademy.co.uk/practice-questions/aqa-a2-micro/1-5-11-consumer-and-producer-surplus.html,0,0,4,0,0%,0%,12.5,0
https://economicsacademy.co.uk/revision-notes/edexcel-theme-4/4-4-2-market-failure-in-the-financial-sector.html,0,0,4,11,0%,0%,14.75,8.82
https://economicsacademy.co.uk/past-paper-questions/aqa/2-2-3-the-determinants-of-aggregate-demand/,0,0,4,0,0%,0%,18.25,0
https://economicsacademy.co.uk/practice-questions/aqa-a2-micro/1-5-10-market-structure-efficiency-resource-allocation.html,0,0,4,0,0%,0%,19.75,0
https://economicsacademy.co.uk/past-paper-questions/edexcel/3-4-7-contestability/,0,0,4,0,0%,0%,23.25,0
https://economicsacademy.co.uk/past-papers/aqa/as-level/paper-2/aqa-as-level-economics-paper-2-november-2020-question-paper.pdf,0,0,4,38,0%,0%,24.5,18.68
https://economicsacademy.co.uk/practice-questions/edexcel-theme-2/2-2-4-government-expenditure.html,0,0,4,0,0%,0%,31.25,0
https://economicsacademy.co.uk/practice-questions/aqa-a2-micro/1-8-7-competition-policy.html,0,0,4,0,0%,0%,43.25,0
https://economicsacademy.co.uk/practice-questions/aqa-a2-micro/1-4-8-technological-change.html,0,0,4,0,0%,0%,45.5,0
https://economicsacademy.co.uk/practice-questions/edexcel-theme-3/3-5-1-demand-for-labour.html,0,0,4,0,0%,0%,45.75,0
https://economicsacademy.co.uk/practice-questions/edexcel-theme-1/1-2-6-price-determination.html,0,0,4,0,0%,0%,56.5,0
https://economicsacademy.co.uk/practice-questions/aqa-a2-macro/2-2-2-aggregate-demand-and-aggregate-supply-analysis.html,0,0,3,0,0%,0%,2.33,0
https://economicsacademy.co.uk/practice-questions/edexcel-theme-1/1-2-3-price-income-cross-elasticities-of-demand.html,0,0,3,0,0%,0%,4.33,0
https://economicsacademy.co.uk/practice-questions/edexcel-theme-1/1-1-4-production-possibility-frontiers.html,0,0,3,0,0%,0%,5.67,0
https://economicsacademy.co.uk/practice-questions/aqa-a2-micro/1-1-2-the-nature-and-purpose-of-economic-activity.html,0,0,3,0,0%,0%,6.33,0
https://economicsacademy.co.uk/practice-questions/aqa-a2-micro/1-2-2-imperfect-information.html,0,0,3,0,0%,0%,6.67,0
https://economicsacademy.co.uk/practice-questions/edexcel-theme-4/4-4-3-role-of-central-banks.html,0,0,3,0,0%,0%,7,0
https://economicsacademy.co.uk/practice-questions/edexcel-theme-4/4-5-2-taxation.html,0,0,3,0,0%,0%,7.67,0
https://economicsacademy.co.uk/past-paper-questions/edexcel/4-4-3-role-of-central-banks/,0,0,3,0,0%,0%,8,0
https://economicsacademy.co.uk/practice-questions/aqa-a2-macro/2-4-4-the-regulation-of-the-financial-system.html,0,0,3,0,0%,0%,8,0
https://economicsacademy.co.uk/practice-questions/edexcel-theme-2/2-2-2-consumption.html,0,0,3,0,0%,0%,8,0
https://economicsacademy.co.uk/practice-questions/edexcel-theme-4/4-4-2-market-failure-in-the-financial-sector.html,0,0,3,0,0%,0%,8,0
https://economicsacademy.co.uk/practice-questions/aqa-a2-micro/1-6-1-the-demand-for-labour-marginal-productivity-theory.html,0,0,3,0,0%,0%,8.33,0
https://economicsacademy.co.uk/practice-questions/edexcel-theme-3/3-1-3-demergers.html,0,0,3,0,0%,0%,8.33,0
https://economicsacademy.co.uk/practice-questions/aqa-a2-macro/2-6-5-economic-growth-and-development.html,0,0,3,0,0%,0%,8.67,0
https://economicsacademy.co.uk/practice-questions/edexcel-theme-2/2-1-1-economic-growth.html,0,0,3,0,0%,0%,8.67,0
https://economicsacademy.co.uk/practice-questions/aqa-a2-macro/2-2-3-the-determinants-of-aggregate-demand.html,0,0,3,0,0%,0%,9.67,0
https://economicsacademy.co.uk/practice-questions/edexcel-theme-1/1-2-5-price-elasticity-of-supply.html,0,0,3,0,0%,0%,9.67,0
https://economicsacademy.co.uk/practice-questions/edexcel-theme-4/4-1-6-restrictions-on-free-trade.html,0,0,3,0,0%,0%,11.33,0
https://economicsacademy.co.uk/practice-questions/aqa-a2-micro/1-8-3-public-goods-private-goods-and-quasi-public-goods.html,0,0,3,0,0%,0%,15.67,0
https://economicsacademy.co.uk/past-paper-questions/aqa/2-6-2-trade/,0,0,3,0,0%,0%,22.67,0
https://economicsacademy.co.uk/practice-questions/aqa-a2-macro/2-2-4-aggregate-demand-and-the-level-of-economic-activity.html,0,0,3,0,0%,0%,27.33,0
https://economicsacademy.co.uk/past-paper-questions/edexcel/3-3-1-revenue/,0,0,3,0,0%,0%,27.67,0
https://economicsacademy.co.uk/practice-questions/aqa-a2-macro/2-3-2-employment-and-unemployment.html,0,0,3,0,0%,0%,28.67,0
https://economicsacademy.co.uk/past-paper-questions/aqa/1-7-3-government-policies-poverty-income-distribution/,0,0,3,0,0%,0%,34,0
https://economicsacademy.co.uk/practice-questions/edexcel-theme-4/4-1-2-specialisation-trade.html,0,0,3,0,0%,0%,38.33,0
https://economicsacademy.co.uk/past-papers/aqa/as-level/paper-1/aqa-as-level-economics-paper-1-june-2017-question-paper.pdf,0,0,3,42,0%,0%,55,26.14
https://economicsacademy.co.uk/flashcards/aqa/macro/,0,0,3,0,0%,0%,58,0
https://economicsacademy.co.uk/practice-questions/aqa-a2-macro/2-5-1-fiscal-policy.html,0,0,2,0,0%,0%,1,0
https://economicsacademy.co.uk/revision-notes/aqa-a2-macro/2-6-2-trade.html,0,0,2,0,0%,0%,1.5,0
https://economicsacademy.co.uk/practice-questions/edexcel-theme-1/1-1-5-specialisation-division-of-labour.html,0,0,2,0,0%,0%,3.5,0
https://economicsacademy.co.uk/practice-questions/aqa-a2-micro/1-7-3-government-policies-poverty-income-distribution.html,0,0,2,0,0%,0%,5.5,0
https://economicsacademy.co.uk/practice-questions/aqa-a2-micro/1-5-4-monopolistic-competition.html,0,0,2,0,0%,0%,6.5,0
https://economicsacademy.co.uk/past-paper-questions/aqa/2-3-2-employment-and-unemployment/,0,0,2,0,0%,0%,7.5,0
https://economicsacademy.co.uk/past-paper-questions/edexcel/1-2-5-price-elasticity-of-supply/,0,0,2,0,0%,0%,7.5,0
https://economicsacademy.co.uk/past-paper-questions/aqa/1-5-8-the-dynamics-of-competition-and-competitive-market-processes/,0,0,2,0,0%,0%,8.5,0
https://economicsacademy.co.uk/past-paper-questions/edexcel/2-2-1-aggregate-demand/,0,0,2,0,0%,0%,8.5,0
https://economicsacademy.co.uk/flashcards/edexcel-a/theme-1/,0,0,2,0,0%,0%,9,0
https://economicsacademy.co.uk/practice-questions/aqa-a2-macro/2-3-4-possible-conflicts-between-macroeconomic-policy-objectives.html,0,0,2,0,0%,0%,9.5,0
https://economicsacademy.co.uk/past-paper-questions/aqa/2-4-3-central-banks-and-monetary-policy/,0,0,2,0,0%,0%,10,0
https://economicsacademy.co.uk/practice-questions/edexcel-theme-4/4-4-1-role-of-financial-markets.html,0,0,2,0,0%,0%,10,0
https://economicsacademy.co.uk/past-paper-questions/aqa/1-4-7-profit/,0,0,2,0,0%,0%,12,0
https://economicsacademy.co.uk/practice-questions/aqa-a2-micro/1-1-3-economic-resources.html,0,0,2,0,0%,0%,14,0
https://economicsacademy.co.uk/past-paper-questions/aqa/2-6-4-exchange-rate-systems/,0,0,2,0,0%,0%,14.5,0
https://economicsacademy.co.uk/practice-questions/aqa-a2-macro/2-1-4-uses-of-national-income-data.html,0,0,2,0,0%,0%,16,0
https://economicsacademy.co.uk/practice-questions/edexcel-theme-3/3-2-1-business-objectives.html,0,0,2,0,0%,0%,20.5,0
https://economicsacademy.co.uk/practice-questions/edexcel-theme-2/2-6-2-demand-side-policies.html,0,0,2,0,0%,0%,21,0
https://economicsacademy.co.uk/practice-questions/aqa-a2-micro/1-8-8-public-ownership-privatisation-regulation-and-deregulation-of-markets.html,0,0,2,0,0%,0%,23.5,0
https://economicsacademy.co.uk/flashcards/aqa/micro/,0,0,2,0,0%,0%,31.5,0
https://economicsacademy.co.uk/practice-questions/aqa-a2-micro/1-8-6-market-imperfections.html,0,0,2,0,0%,0%,33.5,0
https://economicsacademy.co.uk/past-paper-questions/edexcel/2-6-4-conflicts-between-objectives-and-policies/,0,0,2,0,0%,0%,43.5,0
https://economicsacademy.co.uk/past-papers/edexcel-b/as-level/paper-2/edexcel-b-as-level-economics-paper-2-october-2020-question-paper.pdf#page=3,0,0,1,0,0%,0%,1,0
https://economicsacademy.co.uk/practice-questions/aqa-a2-micro/1-5-6-monopoly-and-monopoly-power.html,0,0,1,0,0%,0%,1,0
https://economicsacademy.co.uk/revision-notes/index.html,0,4,1,35,0%,11.43%,1,9.34
https://economicsacademy.co.uk/past-papers/edexcel-b/as-level/paper-2/edexcel-b-as-level-economics-paper-2-october-2020-question-paper.pdf#page=1,0,0,1,0,0%,0%,2,0
https://economicsacademy.co.uk/past-papers/edexcel-b/as-level/paper-2/edexcel-b-as-level-economics-paper-2-october-2020-question-paper.pdf#page=2,0,0,1,0,0%,0%,2,0
https://economicsacademy.co.uk/past-papers/edexcel-b/as-level/paper-2/edexcel-b-as-level-economics-paper-2-october-2020-question-paper.pdf#page=12,0,0,1,0,0%,0%,3,0
https://economicsacademy.co.uk/past-papers/edexcel-b/as-level/paper-2/edexcel-b-as-level-economics-paper-2-october-2020-question-paper.pdf#page=4,0,0,1,0,0%,0%,3,0
https://economicsacademy.co.uk/practice-questions/edexcel-theme-1/1-2-9-indirect-taxes-subsidies.html,0,0,1,0,0%,0%,4,0
https://economicsacademy.co.uk/privacy.html,0,0,1,0,0%,0%,4,0
https://economicsacademy.co.uk/practice-questions/aqa-a2-macro/2-3-3-inflation-and-deflation.html,0,0,1,0,0%,0%,5,0
https://economicsacademy.co.uk/past-paper-questions/aqa/1-8-8-public-ownership-privatisation-regulation-and-deregulation-of-markets/,0,0,1,0,0%,0%,6,0
https://economicsacademy.co.uk/practice-questions/aqa-a2-macro/2-4-3-central-banks-and-monetary-policy.html,0,0,1,0,0%,0%,6,0
https://economicsacademy.co.uk/practice-questions/aqa-a2-macro/2-6-4-exchange-rate-systems.html,0,0,1,0,0%,0%,6,0
https://economicsacademy.co.uk/practice-questions/aqa-a2-micro/1-5-8-the-dynamics-of-competition-and-competitive-market-processes.html,0,0,1,0,0%,0%,6,0
https://economicsacademy.co.uk/past-paper-questions/aqa/2-6-3-the-balance-of-payments/,0,0,1,0,0%,0%,10,0
https://economicsacademy.co.uk/practice-questions/edexcel-theme-4/4-3-1-measures-of-development.html,0,0,1,0,0%,0%,10,0
https://economicsacademy.co.uk/past-paper-questions/aqa/1-5-6-monopoly-and-monopoly-power/,0,0,1,0,0%,0%,11,0
https://economicsacademy.co.uk/practice-questions/aqa-a2-macro/2-3-1-economic-growth-and-the-economic-cycle.html,0,0,1,0,0%,0%,11,0
https://economicsacademy.co.uk/past-paper-questions/edexcel/4-4-1-role-of-financial-markets/,0,0,1,0,0%,0%,12,0
https://economicsacademy.co.uk/practice-questions/edexcel-theme-3/3-3-1-revenue.html,0,0,1,0,0%,0%,18,0
https://economicsacademy.co.uk/practice-questions/aqa-a2-macro/2-6-2-trade.html,0,0,1,0,0%,0%,19,0
https://economicsacademy.co.uk/practice-questions/edexcel-theme-2/2-3-3-long-run-aggregate-supply.html,0,0,1,0,0%,0%,21,0
https://economicsacademy.co.uk/practice-questions/edexcel-theme-3/3-4-6-monopsony.html,0,0,1,0,0%,0%,21,0
https://economicsacademy.co.uk/practice-questions/aqa-a2-micro/1-5-2-the-objectives-of-firms.html,0,0,1,0,0%,0%,24,0
https://economicsacademy.co.uk/practice-questions/aqa-a2-micro/1-3-5-the-determination-of-equilibrium-market-prices.html,0,0,1,0,0%,0%,30,0
https://economicsacademy.co.uk/past-paper-questions/edexcel/2-2-5-net-trade/,0,0,1,0,0%,0%,47,0
https://economicsacademy.co.uk/practice-questions/aqa-a2-micro/1-4-2-specialisation-division-of-labour-and-exchange.html,0,0,1,0,0%,0%,52,0
https://economicsacademy.co.uk/past-paper-questions/edexcel/2-5-1-causes-of-growth/,0,0,1,0,0%,0%,73,0
https://economicsacademy.co.uk/revision-notes/edexcel-theme-1/1-3-2-externalities.html,0,0,0,4,0%,0%,0,9.25
https://economicsacademy.co.uk/revision-notes/edexcel-theme-1/index.html,0,0,0,3,0%,0%,0,3.33
https://economicsacademy.co.uk/about.html,0,0,0,2,0%,0%,0,11.5
https://economicsacademy.co.uk/contact.html,0,0,0,2,0%,0%,0,11.5