Top queries,Last 28 days Clicks,Previous 28 days Clicks,Last 28 days Impressions,Previous 28 days Impressions,Last 28 days CTR,Previous 28 days CTR,Last 28 days Position,Previous 28 days Position
economics academy,25,13,61,64,40.98%,20.31%,1.97,3.47
economic academy,3,0,25,32,12%,0%,4.32,5.03
edexcel a level economics notes,3,1,21,21,14.29%,4.76%,4.86,5
a level economics revision,2,0,71,57,2.82%,0%,7.75,8.02
a level economics revision notes,2,1,51,48,3.92%,2.08%,2.86,3.21
economics a level notes,2,1,26,22,7.69%,4.55%,4.27,6.32
economics a level,1,0,71,13,1.41%,0%,13.11,26.85
a level economics resources,1,3,56,58,1.79%,5.17%,6.84,6.4
econ academy,1,0,46,42,2.17%,0%,6.48,5.43
a level economics notes,1,3,33,36,3.03%,8.33%,3.79,4.22
economics as a social science,1,1,24,2,4.17%,50%,9.42,12
macroeconomics diagrams,1,0,20,11,5%,0%,8.4,6.27
edexcel economics b past papers,1,0,13,27,7.69%,0%,5,5
economics past papers edexcel,1,0,13,35,7.69%,0%,7.92,10.4
economics revision notes,1,3,12,23,8.33%,13.04%,4.5,5.09
economics b edexcel a level,1,1,11,2,9.09%,50%,10.09,9
types of market failure a level economics,1,0,9,3,11.11%,0%,5.56,26.67
a level economics edexcel b past papers,1,0,7,2,14.29%,0%,4,5
economics a level edexcel revision,1,0,7,1,14.29%,0%,8.29,7
information gaps,1,0,7,7,14.29%,0%,13.86,15
economics diagrams a level,1,0,3,0,33.33%,0%,8,0
government failure meaning,1,0,2,1,50%,0%,6,10
as level economics notes,1,0,2,6,50%,0%,10,7.33
macro economic graphs,1,0,2,0,50%,0%,23,0
aqa exam board,1,0,1,0,100%,0%,1,0
alevel economics notes,1,1,1,4,100%,25%,3,5
a level economics,0,0,188,24,0%,0%,14.96,13.62
"pearson edexcel a level economics specification demerit goods information 
failure",0,0,121,6,0%,0%,7.98,4.33
microeconomics diagrams,0,0,102,32,0%,0%,7.7,9.41
edexcel a level economics past papers,0,0,99,197,0%,0%,8.17,8.24
economics revision,0,1,71,102,0%,0.98%,7.3,6.78
a level economics revision worksheets,0,0,65,54,0%,0%,5.43,5
a level economics tutor online,0,0,56,2,0%,0%,35.36,45.5
ocr a level economics past papers,0,0,55,50,0%,0%,10.73,9.08
a-level economics,0,0,52,9,0%,0%,14.02,15.22
a level economics tuition,0,0,50,60,0%,0%,51.94,56.38
government expenditure,0,0,47,53,0%,0%,21.62,22.51
online a level economics tutor,0,0,47,24,0%,0%,22.74,25.17
economics a level revision,0,0,45,39,0%,0%,6.96,5.92
price elasticity of supply,0,0,45,0,0%,0%,37.91,0
edexcel economics past papers,0,0,38,22,0%,0%,9.58,10.73
"pearson edexcel a level economics specification information failure demerit 
goods",0,0,37,0,0%,0%,7.46,0
"pearson edexcel a level economics a specification information gaps 
misallocation of resources",0,0,36,0,0%,0%,9.22,0
ocr economics,0,0,35,15,0%,0%,21.6,23.2
edexcel economics a level specification demerit goods information failure,0,0,32,0,0%,0%,9.72,0
economics tuition,0,0,31,34,0%,0%,50.29,51.74
division of labour,0,0,30,11,0%,0%,12.63,28.73
economics notes,0,0,30,43,0%,0%,14.3,15.88
types of market failure,0,0,30,12,0%,0%,15.97,27.67
macroeconomics revision,0,0,30,34,0%,0%,31.03,32.74
economics revision resources,0,0,29,29,0%,0%,4.97,4.76
specialisation definition economics,0,0,29,33,0%,0%,12.31,9.67
"pearson edexcel a level economics a specification information gaps 
imperfect information misallocation of resources",0,0,27,0,0%,0%,4.81,0
"""global trade in sand has been made possible by cheaper transportation""",0,0,27,0,0%,0%,5.85,0
economics a-level,0,0,26,1,0%,0%,12.04,13
a-level economics resources,0,1,24,17,0%,5.88%,5.83,5.47
microeconomics diagram,0,0,24,9,0%,0%,7.88,8.78
a level economics past papers edexcel,0,0,24,15,0%,0%,8.46,16.33
ocr economics a level past papers,0,1,24,34,0%,2.94%,8.62,8
home economics revision notes,0,0,24,8,0%,0%,17.54,16.88
market failure types,0,0,24,4,0%,0%,34.67,39
government failure definition,0,0,23,9,0%,0%,13.13,18
aqa economics a level past papers,0,1,22,36,0%,2.78%,17.59,14.39
specialisation of labour,0,0,22,39,0%,0%,17.64,25.28
government intervention,0,0,22,22,0%,0%,51.82,56
macroeconomics diagram,0,0,21,13,0%,0%,6.19,8.31
elasticity of supply,0,0,21,0,0%,0%,39.86,0
as economics resources,0,0,20,19,0%,0%,8.15,7.32
edexcel a level economics specification demerit goods information failure,0,0,20,0,0%,0%,9.15,0
economics a-level tuition,0,0,20,22,0%,0%,54.9,52.77
economics edexcel a level past papers,0,0,19,19,0%,0%,11.32,14.37
edexcel economics notes,0,0,17,8,0%,0%,6.59,4.38
a level economics past papers aqa,0,0,17,13,0%,0%,13.29,12.54
specialisation economics,0,1,17,13,0%,7.69%,21.47,19.62
government intervention in trade,0,0,17,13,0%,0%,50.35,62.38
"pearson edexcel a level economics a specification information gaps 
imperfect market information misallocation of resources",0,0,16,0,0%,0%,5.06,0
"""global trade in sand"" ""cheaper transportation""",0,0,16,0,0%,0%,6.62,0
edexcel b economics,0,0,16,1,0%,0%,10.56,6
specialization of labour,0,0,16,1,0%,0%,22.56,42
aqa economics past papers,0,0,16,19,0%,0%,28.19,20.47
government failure,0,0,16,6,0%,0%,45,43.33
micro diagrams,0,0,15,4,0%,0%,8.93,10.25
a level economics aqa past papers,0,0,15,8,0%,0%,19.93,12
ocr economics past papers,0,0,15,27,0%,0%,25.8,14.15
determinants of price elasticity of supply,0,0,15,0,0%,0%,35.73,0
economics a level tuition,0,0,15,26,0%,0%,55.2,55.04
theme 1,0,0,14,6,0%,0%,9,2.67
a level economics edexcel past papers,0,0,14,7,0%,0%,11.64,9
a level edexcel economics past papers,0,0,14,13,0%,0%,18.64,12.15
aqa a level economics past papers,0,0,14,8,0%,0%,19.29,18.75
aqa economics past papers a level,0,0,14,11,0%,0%,20.64,17.27
a level economics tutoring,0,0,14,0,0%,0%,38.21,0
information gap economics,0,0,13,10,0%,0%,12.23,8.5
economics revision guide,0,0,13,1,0%,0%,28.46,33
economics past papers,0,0,13,10,0%,0%,35.77,42.8
"the problem refers to the need to make choices because economic wants 
exceed economic means. (enter one word in the blank.)",0,0,12,0,0%,0%,1,0
as_econ_a_spec.pdf information gaps market failure,0,0,12,0,0%,0%,7.17,0
macro diagram,0,0,12,5,0%,0%,7.83,14.8
negative output gap diagram,0,0,12,1,0%,0%,12.42,9
economics diagrams,0,0,12,4,0%,0%,14.08,44
a level economics graphs,0,0,12,1,0%,0%,16.17,6
aqa a level economics notes,0,0,12,9,0%,0%,17.67,6.11
edexcel economics a level past papers,0,0,12,6,0%,0%,27.08,24.33
rational decision making,0,0,12,1,0%,0%,30.67,20
edexcel as economics past papers,0,0,12,4,0%,0%,34.25,19
eco class,0,0,12,5,0%,0%,42.75,39
a level economics tutors,0,0,12,0,0%,0%,50.33,0
write the definition of: information gaps (government failure),0,0,11,13,0%,0%,4.18,5.38
economics a level edexcel past papers,0,0,11,6,0%,0%,21.45,12
economical marking solutions,0,0,11,2,0%,0%,30.82,24.5
specialisation economics definition,0,0,11,4,0%,0%,31.82,13.75
edexcel b economics past papers,0,0,10,8,0%,0%,4.2,5.12
specialisation and division of labour a level economics,0,0,10,7,0%,0%,8.8,8.29
the diagram illustrates the pattern of,0,0,10,0,0%,0%,9,0
macroeconomic diagrams,0,0,10,10,0%,0%,9.2,7.9
aqa as economics revision,0,0,10,11,0%,0%,10.4,14.18
a level economics diagrams,0,0,10,0,0%,0%,15.7,0
a-level economics teaching resources,0,0,10,1,0%,0%,16.6,16
specialisation and division of labour,0,0,10,11,0%,0%,17.3,23.55
a level aqa economics past papers,0,0,10,17,0%,0%,19.9,19.06
edexcel economics as level past papers,0,0,10,4,0%,0%,26.3,14
economics diagram,0,0,10,0,0%,0%,27.1,0
economics a level aqa past papers,0,0,10,2,0%,0%,27.7,16
factors affecting pes,0,0,10,0,0%,0%,30.8,0
as economics past papers,0,0,10,12,0%,0%,36.3,34.67
in economics,0,0,9,1,0%,0%,1.44,2
scarcity,0,0,9,6,0%,0%,2.22,2.17
"""the global trade in sand has been made possible by cheaper transportation""",0,0,9,0,0%,0%,5.44,0
"pearson edexcel a level economics a specification information gaps market 
failure",0,0,9,0,0%,0%,6,0
"""extract b"" sand cheaper transportation",0,0,9,0,0%,0%,7.44,0
microeconomics a level,0,0,9,1,0%,0%,9.33,10
theme 1 edexcel economics a level,0,0,9,12,0%,0%,9.44,9.08
theme 2 economics edexcel,0,0,9,7,0%,0%,9.89,11.43
market failure definition a level economics,0,0,9,0,0%,0%,13.11,0
macroeconomics chart,0,0,9,2,0%,0%,14.67,20
how is unemployment measured in the uk,0,0,9,0,0%,0%,16.67,0
expert tuition theme 4,0,0,9,8,0%,0%,17.44,16.62
economics aqa a level past papers,0,0,9,8,0%,0%,17.67,13
a level economics past papers and mark schemes,0,0,9,14,0%,0%,18.67,28.71
as economics revision guide,0,0,9,10,0%,0%,21,24.3
a-level economics planning resources,0,0,9,3,0%,0%,21.44,18.67
ocr as economics revision,0,0,9,3,0%,0%,25.33,30.33
what is specialisation of labour,0,0,9,3,0%,0%,26.22,26.67
aqa as level economics past papers,0,0,9,4,0%,0%,27.78,19.75
what is price elasticity of supply,0,0,9,0,0%,0%,34.78,0
site:economicsacademy.co.uk,0,0,8,25,0%,0%,1,8.32
scarcity meaning,0,0,8,5,0%,0%,1.62,3.8
"""calculate the percentage of all plastics produced in the period 1950-2015 
which have either been sent to landfill or incinerated""",0,0,8,0,0%,0%,3.75,0
theme 4,0,0,8,6,0%,0%,7,5.67
specialisation definition economics a level,0,0,8,8,0%,0%,7.12,7
microeconomics curves,0,0,8,2,0%,0%,10.38,7
a level ocr economics past papers,0,0,8,11,0%,0%,11.88,9.45
aqa a level economics revision,0,0,8,3,0%,0%,16.12,14
economic problem,0,0,8,0,0%,0%,16.5,0
economics ocr past papers,0,0,8,9,0%,0%,19,10.89
rational decision,0,0,8,1,0%,0%,21.5,18
market failure a level economics,0,0,8,3,0%,0%,26.12,34.67
economics papers,0,0,8,14,0%,0%,42.38,48.64
market failure,0,0,8,15,0%,0%,45.75,47.6
specialization and division of labor,0,0,8,1,0%,0%,58.88,51
economy academy,0,0,7,17,0%,0%,4.43,5.53
theme 1 economics edexcel,0,0,7,16,0%,0%,7.29,7.56
edexcel b economics a level,0,0,7,4,0%,0%,7.57,8.5
edexcel as-level economics past papers paper 2,0,0,7,18,0%,0%,9.57,7.61
"pearson edexcel economics a level specification demerit goods information 
failure",0,0,7,0,0%,0%,10,0
information gaps economics,0,0,7,12,0%,0%,10.14,9
edexcel past papers economics,0,0,7,6,0%,0%,10.29,8.5
edexcel past papers economics a level,0,0,7,6,0%,0%,11.14,13
microeconomics graph,0,0,7,3,0%,0%,11.71,35
government spending economics definition,0,0,7,3,0%,0%,12,25.67
economics as notes,0,0,7,4,0%,0%,12.86,12.5
economics ocr a level past papers,0,0,7,13,0%,0%,14.57,11.46
economics a level marking scheme,0,0,7,13,0%,0%,25,25.08
aqa past papers economics,0,0,7,1,0%,0%,32.43,23
government failure economics,0,0,7,2,0%,0%,32.43,22
government intervention economics,0,0,7,8,0%,0%,37,51.25
economics study guide,0,0,7,10,0%,0%,41,40.1
as economics,0,0,7,0,0%,0%,44.29,0
economics exam papers,0,0,7,5,0%,0%,50.43,48.6
normative statement,0,0,7,11,0%,0%,54.86,64.82
economics a level past papers,0,0,7,4,0%,0%,55.43,42
a level economics b past papers,0,0,6,13,0%,0%,4.5,5.92
economics notes a level,0,0,6,7,0%,0%,4.83,6
write the definition of: information gaps (market failure),0,0,6,9,0%,0%,7.33,7.56
theme 4 economics edexcel,0,0,6,8,0%,0%,8,9.25
specialisation a level economics,0,0,6,3,0%,0%,8.17,8.33
ad shift right diagram,0,0,6,0,0%,0%,8.33,0
injections and withdrawals graph,0,0,6,0,0%,0%,9,0
economic private tutorials,0,0,6,0,0%,0%,9.5,0
edexcel a level economics demerit good information failure definition,0,0,6,8,0%,0%,9.67,8.62
firm diagram,0,0,6,0,0%,0%,9.83,0
types of supply side policies,0,0,6,0,0%,0%,9.83,0
macro diagrams,0,0,6,5,0%,0%,10.33,17
theme 3,0,0,6,2,0%,0%,10.5,15
all edexcel a level economics diagrams,0,1,6,1,0%,100%,11.33,6
ocr economics past papers a level,0,0,6,7,0%,0%,11.5,17.29
economics a level past papers aqa,0,0,6,8,0%,0%,14.67,15.75
economics as level past papers edexcel,0,0,6,6,0%,0%,15.67,10.67
government spending definition,0,0,6,2,0%,0%,16,13
rational decision making economics,0,0,6,5,0%,0%,17.33,14
as macroeconomics revision,0,0,6,12,0%,0%,18.67,21.67
edexcel as level economics past papers,0,0,6,4,0%,0%,24.17,19.25
economics aqa past papers,0,0,6,1,0%,0%,26.33,23
market failure economics,0,0,6,1,0%,0%,28,47
government expenditures,0,0,6,10,0%,0%,30.33,36.8
market failure economics a level,0,0,6,2,0%,0%,32.67,37.5
what is specialisation economics,0,0,6,2,0%,0%,33.33,32.5
division of labour and specialization,0,0,6,1,0%,0%,40.17,37
economic past papers a level,0,0,6,11,0%,0%,40.33,40.18
what is government intervention,0,0,6,5,0%,0%,46.17,67.2
govt failure,0,0,6,0,0%,0%,46.67,0
imperfect information,0,0,6,0,0%,0%,74.67,0
a level in economics,0,0,5,0,0%,0%,1,0
elasticity of supply formula,0,0,5,0,0%,0%,1,0
opportunity cost,0,0,5,0,0%,0%,1,0
what is scarcity,0,0,5,2,0%,0%,2.2,2
a level economic notes,0,0,5,3,0%,0%,3,6.33
edexcel a level economics b past papers,0,0,5,13,0%,0%,4.4,5.38
econ revision,0,0,5,9,0%,0%,6.6,7.44
a level economics past papers ocr,0,0,5,7,0%,0%,7.4,14.71
macroeconomic diagram,0,0,5,2,0%,0%,8,4
econ notes,0,0,5,8,0%,0%,8.2,23.12
a level economics edexcel revision,0,0,5,4,0%,0%,9,8.25
ocr past papers economics,0,0,5,7,0%,0%,9.2,11.86
ocr as level economics past papers,0,0,5,17,0%,0%,9.6,10.18
edexcel a level economics revision,0,0,5,1,0%,0%,10.2,10
economics edexcel past papers,0,0,5,10,0%,0%,10.4,21.6
perfectly elastic supply,0,0,5,0,0%,0%,11.6,0
edexcel a level economics b,0,0,5,5,0%,0%,11.8,8
rational economic decision making,0,0,5,3,0%,0%,12.6,8.33
aqa a level economics mark scheme,0,0,5,1,0%,0%,12.8,22
edexcel economics past papers a level,0,0,5,8,0%,0%,13.8,15.12
economic notes,0,0,5,3,0%,0%,14.4,10
positive output gap diagram,0,0,5,1,0%,0%,14.6,11
economics a level diagrams,0,0,5,0,0%,0%,15,0
economics theme 1,0,0,5,2,0%,0%,15.8,9.5
information gap definition,0,0,5,3,0%,0%,16,27.67
government failure definition economics,0,0,5,3,0%,0%,17.2,8.33
how to revise economics a level,0,0,5,0,0%,0%,17.4,0
aqa past papers a level economics,0,0,5,2,0%,0%,17.6,15
economics resources,0,0,5,2,0%,0%,17.8,16.5
perfect elasticity of supply,0,0,5,0,0%,0%,18.2,0
edexcel past papers a level economics,0,0,5,3,0%,0%,21.2,9.33
economics a level past papers edexcel,0,0,5,3,0%,0%,22.8,22.67
edexcel economics b,0,0,5,4,0%,0%,24,22
aqa economics as level past papers,0,0,5,2,0%,0%,25,16
all economics diagrams,0,0,5,0,0%,0%,26.4,0
economics as aqa past papers,0,0,5,0,0%,0%,28.6,0
diagrams in economics,0,0,5,2,0%,0%,30,64
4 types of market failure,0,0,5,3,0%,0%,30.6,57.67
a level microeconomics,0,0,5,12,0%,0%,31.2,9
pes economics,0,0,5,0,0%,0%,37.6,0
ocr economics a level,0,0,5,3,0%,0%,38.4,28
a level macroeconomics,0,0,5,0,0%,0%,40,0
economics ocr,0,0,5,5,0%,0%,41.2,40.6
econom class,0,0,5,0,0%,0%,42.2,0
economics ocr past papers gcse,0,0,5,1,0%,0%,42.4,42
types of government intervention,0,0,5,3,0%,0%,46,46.33
a level economics paper,0,0,5,4,0%,0%,50.6,42
economics past exam papers,0,0,5,6,0%,0%,53.4,47.83
government intervention in international trade,0,0,5,1,0%,0%,62.4,65
scarcity definition,0,0,4,0,0%,0%,2,0
edexcel,0,0,4,1,0%,0%,3.25,14
economics notes for a level,0,0,4,6,0%,0%,3.75,5.17
economics,0,0,4,0,0%,0%,4.75,0
economics b past papers,0,0,4,3,0%,0%,5,6
specialisation vs division of labour,0,0,4,3,0%,0%,5.5,16
economics notes as level,0,0,4,1,0%,0%,5.75,4
economics revision a level,0,0,4,7,0%,0%,5.75,6.14
"for a non-colluding oligopoly in a price war market, competitors are most 
likely to: a. match a rival's price reduction and ignore a rival's price 
increase. b. ignore a rival's price reduction and match a rival's price 
increase. c. match both a rival's price reduction as well as a rival's 
price increase.",0,0,4,0,0%,0%,6.75,0
a levels economics notes,0,0,4,1,0%,0%,7.25,12
"pearson edexcel a level economics a specification demerit goods information 
failure",0,0,4,0,0%,0%,7.5,0
1.2^10,0,0,4,0,0%,0%,8.75,0
aqa economics revision,0,0,4,5,0%,0%,8.75,8.8
patterns of trade,0,0,4,0,0%,0%,8.75,0
"pearson edexcel a level economics demerit goods information failure 
specification",0,0,4,0,0%,0%,9,0
advanced level economics,0,0,4,1,0%,0%,9.25,41
definition of specialisation in economics,0,0,4,4,0%,0%,9.5,9.5
output gap diagram,0,0,4,1,0%,0%,9.5,26
rational rule economics,0,0,4,0,0%,0%,9.5,0
lras shift right diagram,0,0,4,1,0%,0%,10,9
1.5/5,0,0,4,0,0%,0%,10.25,0
theme 2,0,0,4,2,0%,0%,10.5,10.5
aqa a level economics revision guide,0,0,4,2,0%,0%,11,9
a level economics revision guide,0,0,4,3,0%,0%,12,13.33
economics edexcel b,0,0,4,3,0%,0%,12,10.33
edexcel economics past papers as level,0,0,4,0,0%,0%,12,0
government expenditure definition,0,0,4,2,0%,0%,12,21.5
microeconomic diagrams,0,0,4,5,0%,0%,12.5,15.2
aqa as level economics past papers paper 1,0,0,4,2,0%,0%,13,12.5
revenue maximisation diagram,0,0,4,0,0%,0%,13,0
government expenditure definition economics,0,0,4,6,0%,0%,13.25,28.33
economics edexcel as level past papers,0,0,4,0,0%,0%,15,0
"there are 4 main types of market failure, which are...",0,0,4,1,0%,0%,15.25,2
economics flashcards,0,0,4,0,0%,0%,16,0
revise economics,0,0,4,3,0%,0%,17,28
ocr as economics past papers,0,0,4,6,0%,0%,17.25,9
ad diagram,0,0,4,0,0%,0%,18.5,0
example of government failure,0,0,4,1,0%,0%,19.5,6
macroeconomic graph,0,0,4,1,0%,0%,19.5,58
macroeconomic indicators,0,0,4,0,0%,0%,22.5,0
advantages of specialisation,0,0,4,2,0%,0%,23.5,37
types market failure,0,0,4,4,0%,0%,25.75,51.75
supply side policies,0,0,4,0,0%,0%,26.25,0
economics social science,0,0,4,1,0%,0%,26.75,30
market failure definition economics,0,0,4,7,0%,0%,26.75,21.86
price inelastic supply,0,0,4,0,0%,0%,27.5,0
as level economics past papers,0,0,4,13,0%,0%,28.5,31.38
economics government intervention,0,0,4,5,0%,0%,29.75,41.2
aqa econ past papers,0,0,4,0,0%,0%,30.25,0
economic a level,0,0,4,1,0%,0%,30.75,1
past papers economics,0,0,4,9,0%,0%,31.5,37
aqa a level economics micro past papers,0,0,4,0,0%,0%,32,0
normative economic statement,0,0,4,2,0%,0%,32.75,26.5
aqa economics as past papers,0,0,4,1,0%,0%,33,25
rational decision making in economics,0,0,4,0,0%,0%,33.5,0
as macroeconomics past papers,0,0,4,0,0%,0%,35,0
edexcel a level economics past paper,0,0,4,2,0%,0%,35,12.5
perfectly price elastic supply,0,0,4,0,0%,0%,36.25,0
price elasticity of supply formula,0,0,4,0,0%,0%,39.25,0
trade union monopsony diagram,0,0,4,0,0%,0%,39.25,0
econominds,0,0,4,2,0%,0%,40,32.5
ocr past papers economics gcse,0,0,4,4,0%,0%,40.25,34.25
a-level economics past papers,0,0,4,3,0%,0%,41,41.33
define specialisation in economics,0,0,4,2,0%,0%,43,51
microeconomics graphs,0,0,4,5,0%,0%,43,52.6
ocr economics gcse past papers,0,0,4,2,0%,0%,43,37.5
aqa past papers economics gcse,0,0,4,1,0%,0%,47.75,49
economics study,0,0,4,8,0%,0%,48,43.12
macroeconomics graphs,0,0,4,3,0%,0%,48,48.33
gov failure,0,0,4,0,0%,0%,48.5,0
a level economics topics,0,0,4,0,0%,0%,48.75,0
economics tutor a level,0,0,4,0,0%,0%,49.75,0
government intervention definition economics,0,0,4,5,0%,0%,51.75,65.8
edexcel economics a past papers,0,0,4,3,0%,0%,53.5,11.67
imperfect information economics,0,0,4,0,0%,0%,62.5,0
economics at a level,0,0,3,0,0%,0%,1,0
formula of elasticity of supply,0,0,3,0,0%,0%,1,0
one theme,0,0,3,0,0%,0%,1,0
pes values,0,0,3,0,0%,0%,1,0
moral hazard vs adverse selection,0,0,3,0,0%,0%,1.33,0
opportunity cost in economics,0,0,3,0,0%,0%,1.33,0
definition of scarcity,0,0,3,1,0%,0%,1.67,2
economics a level revision notes,0,1,3,3,0%,33.33%,1.67,6.67
what is scarcity?,0,0,3,0,0%,0%,2.33,0
economic a level notes,0,0,3,0,0%,0%,3,0
edexcel a level economics b past papers paper 2,0,0,3,13,0%,0%,3.33,3.31
as and a level economics notes,0,0,3,0,0%,0%,5,0
definition of government failure,0,0,3,4,0%,0%,5.33,19.25
what is division of labor,0,0,3,0,0%,0%,5.67,0
"""made possible by cheaper transportation"" sand",0,0,3,0,0%,0%,6,0
macroeconomics a level edexcel,0,0,3,2,0%,0%,6.33,7.5
is it a level economics revision worksheets,0,0,3,23,0%,0%,6.67,5.17
microeconomics revision,0,0,3,4,0%,0%,6.67,7.75
pattern of trade,0,0,3,0,0%,0%,6.67,0
are subsidies supply side policies,0,0,3,0,0%,0%,7,0
nature of economics,0,0,3,0,0%,0%,7.33,0
past paper academy,0,0,3,0,0%,0%,7.33,0
edexcel economics a level revision,0,0,3,2,0%,0%,7.67,8.5
"pearson edexcel a level economics b specification demerit goods imperfect 
information market failure",0,0,3,0,0%,0%,7.67,0
types of market failure in economics,0,0,3,2,0%,0%,7.67,7
a level economics edexcel b,0,0,3,14,0%,0%,8,7.93
economics past papers a level edexcel,0,0,3,4,0%,0%,8,10
information gaps definition a level economics,0,0,3,3,0%,0%,8,8.33
what is government failure in economics,0,0,3,1,0%,0%,8,8
edexcel economics revision,0,0,3,7,0%,0%,8.67,9.86
microeconomics curve,0,0,3,0,0%,0%,8.67,0
all macroeconomics diagrams a level,0,0,3,1,0%,0%,9,6
economics past papers ocr,0,0,3,3,0%,0%,9.33,10
government failure diagram,0,0,3,2,0%,0%,10,30.5
division of labour advantages and disadvantages,0,0,3,0,0%,0%,10.33,0
firms diagram,0,0,3,1,0%,0%,10.33,10
macro economic diagrams,0,0,3,1,0%,0%,10.33,10
what are information gaps,0,0,3,0,0%,0%,10.33,0
edexcel a level past papers economics,0,0,3,2,0%,0%,11,13
edexcel b economics specification,0,0,3,2,0%,0%,11,13
4.5 4,0,0,3,0,0%,0%,11.33,0
short run economic growth diagram,0,0,3,0,0%,0%,11.33,0
aqa a level economics past papers paper 2,0,0,3,9,0%,0%,12,9.11
theme 3 economics edexcel,0,0,3,2,0%,0%,13.33,13.5
ocr a level economics paper 1,0,0,3,0,0%,0%,14,0
as economics past papers edexcel,0,0,3,4,0%,0%,15,38
ocr economics as past papers,0,0,3,3,0%,0%,15.33,16.33
the economic problem,0,0,3,0,0%,0%,15.33,0
specialisation and the division of labour,0,0,3,1,0%,0%,16.33,1
rationality economics,0,0,3,2,0%,0%,17.67,15
social science in economics,0,0,3,3,0%,0%,18,25.33
site:m.aleveledu.net,0,0,3,2,0%,0%,18.67,20.5
rational decision making definition economics,0,0,3,3,0%,0%,19,21.67
a level economics past paper questions by topic,0,0,3,1,0%,0%,19.33,38
specialisation in economics,0,0,3,2,0%,0%,20.67,18
a level econs,0,0,3,0,0%,0%,21,0
ad as diagram,0,0,3,0,0%,0%,21,0
as economics planning resources,0,0,3,2,0%,0%,21.67,29
disadvantages of specialisation,0,0,3,2,0%,0%,21.67,18.5
rational decisions meaning,0,0,3,0,0%,0%,22.33,0
microeconomics past papers,0,0,3,1,0%,0%,22.67,14
division of labour advantages,0,0,3,1,0%,0%,23.67,15
excess demand graph,0,0,3,0,0%,0%,24.33,0
a level edexcel economics past papers paper 2,0,0,3,1,0%,0%,25.67,9
edexcel econ past paper,0,0,3,0,0%,0%,25.67,0
macroeconomics questions,0,0,3,0,0%,0%,25.67,0
labour market diagrams,0,0,3,2,0%,0%,26.33,32
specialised division of labour,0,0,3,2,0%,0%,26.33,36
what are supply side policies,0,0,3,0,0%,0%,26.67,0
economic b,0,0,3,0,0%,0%,27,0
economics as a science,0,0,3,1,0%,0%,27,27
rational economic decision,0,0,3,1,0%,0%,28,6
macroeconomic graphs,0,0,3,1,0%,0%,28.67,42
a level economics paper 1,0,0,3,1,0%,0%,29,40
supply side policies economics,0,0,3,0,0%,0%,31.67,0
as level aqa economics past papers,0,0,3,0,0%,0%,32,0
edexcel as-level economics past papers paper 1,0,0,3,0,0%,0%,32,0
microeconomics topics,0,0,3,2,0%,0%,32,27.5
economics past papers ocr gcse,0,0,3,1,0%,0%,33,43
macroeconomics a level,0,0,3,1,0%,0%,33,52
econometric academy,0,0,3,0,0%,0%,33.33,0
aqa as economics past papers,0,0,3,2,0%,0%,34.33,19
economics past paper,0,0,3,1,0%,0%,34.67,29
microeconomics as level past papers edexcel,0,0,3,0,0%,0%,34.67,0
types of government intervention economics,0,0,3,7,0%,0%,35,34.71
gcse ocr economics past papers,0,0,3,3,0%,0%,36,38.33
government interventions,0,0,3,1,0%,0%,36.33,44
rational decision meaning,0,0,3,1,0%,0%,36.67,11
graphs in macroeconomics,0,0,3,0,0%,0%,37.67,0
aqa a level macroeconomics past papers,0,0,3,0,0%,0%,38.67,0
economics past papers aqa gcse,0,0,3,1,0%,0%,38.67,41
a-level economics tutor online,0,0,3,0,0%,0%,39.33,0
government failure in economics,0,0,3,2,0%,0%,39.33,58
as level economics aqa,0,0,3,1,0%,0%,40.33,38
normative statement economics,0,0,3,2,0%,0%,40.67,39
government intervention in economics,0,0,3,2,0%,0%,43,47.5
economics class,0,0,3,4,0%,0%,43.67,42.25
economics questions by topic,0,0,3,0,0%,0%,45,0
advanced level economics past papers,0,0,3,2,0%,0%,45.33,34
positive normative statements,0,0,3,0,0%,0%,46.33,0
a level aqa economics,0,0,3,0,0%,0%,46.67,0
aqa as economics,0,0,3,0,0%,0%,46.67,0
ocr a level economics,0,0,3,3,0%,0%,47,44
a level economics questions,0,0,3,0,0%,0%,49.67,0
positive statement normative statement,0,0,3,0,0%,0%,50.67,0
complete market failure,0,0,3,2,0%,0%,51,47.5
government intervention economics definition,0,0,3,4,0%,0%,51.67,50.75
positive and normative statements,0,0,3,2,0%,0%,52.33,46
define specialisation economics,0,0,3,2,0%,0%,53,48
type of market failure,0,0,3,5,0%,0%,53.33,38
information provision,0,0,3,1,0%,0%,54,54
a level past paper economics,0,0,3,0,0%,0%,54.67,0
define government intervention,0,0,3,2,0%,0%,57,53.5
what is specialization and division of labor?,0,0,3,3,0%,0%,60.67,72.67
government intervention definition,0,0,3,3,0%,0%,64.67,67.33
econ,0,0,3,0,0%,0%,66.33,0
a level economics course online,0,0,3,2,0%,0%,73.33,62
a level edexcel economics tutor free,0,0,2,2,0%,0%,1,1
adverse selection vs moral hazard,0,0,2,0,0%,0%,1,0
causes of market failure,0,0,2,1,0%,0%,1,2
division of labor meaning,0,0,2,0,0%,0%,1,0
does economics count as a social science,0,0,2,0,0%,0%,1,0
govt expenditure,0,0,2,0,0%,0%,1,0
opportunity cost economics definition,0,0,2,0,0%,0%,1,0
specialisation,0,0,2,0,0%,0%,1,0
specialization meaning in economics,0,0,2,0,0%,0%,1,0
"the structural budget deficit is the deficit that exists if the economy: a. 
is below full potential output. b. is at full potential output. c. is above 
full potential output.",0,0,2,0,0%,0%,1,0
what happens to supply when price increases,0,0,2,0,0%,0%,1,0
what is a market failure,0,0,2,0,0%,0%,1,0
what is economic problem?,0,0,2,0,0%,0%,1,0
what is opportunity cost in economics with example,0,0,2,0,0%,0%,1,0
government spending,0,0,2,2,0%,0%,1.5,3
specialization of labor,0,0,2,1,0%,0%,1.5,51
"paying rent is a , while buying a new video game is a . if you buy a new 
video game, you cannot pay your cell phone bill. this is an example of .",0,0,2,0,0%,0%,2,0
pes,0,0,2,0,0%,0%,2,0
economics b edexcel a level past papers,0,0,2,2,0%,0%,4,5.5
economics b edexcel past papers,0,0,2,0,0%,0%,4.5,0
"""ireland has dropped its low-tax policy of the past 18 years"" google 
facebook site their european headquarters in ireland",0,0,2,0,0%,0%,5,0
"""ireland has dropped its low-tax policy of the past 18 years""",0,0,2,0,0%,0%,5.5,0
"""ireland has dropped its low-tax policy of the past 18 years"" google 
facebook site their european headquarters in ireland extract b lines 1-3",0,0,2,0,0%,0%,5.5,0
a level notes economics,0,0,2,2,0%,0%,5.5,8
eco notes,0,0,2,0,0%,0%,5.5,0
economics a level resources,0,0,2,0,0%,0%,6,0
economics as level notes,0,0,2,0,0%,0%,6,0
what is government expenditure in economics,0,0,2,0,0%,0%,6,0
as level economics notes pdf,0,0,2,1,0%,0%,7,6
edexcel a level economics demerit goods information failure definition,0,0,2,1,0%,0%,7,9
the nature of economics,0,0,2,0,0%,0%,7,0
4.1/8,0,0,2,0,0%,0%,7.5,0
advantages of specialisation and division of labour,0,0,2,1,0%,0%,7.5,10
macro diagrams a level economics,0,0,2,3,0%,0%,7.5,9
microeconomics aqa a level,0,0,2,0,0%,0%,7.5,0
1.1/5,0,0,2,4,0%,0%,8,5.5
government failure a level economics,0,0,2,0,0%,0%,8,0
how is economics a social science,0,0,2,0,0%,0%,8,0
macro economics diagram,0,0,2,3,0%,0%,8,7.33
macro questions,0,0,2,0,0%,0%,8,0
unit 2,0,0,2,0,0%,0%,8,0
what is economics as a social science,0,0,2,0,0%,0%,8,0
a level econ,0,0,2,0,0%,0%,8.5,0
aqa a level economics paper 1 past papers,0,0,2,1,0%,0%,8.5,14
information gap diagram,0,0,2,4,0%,0%,8.5,11
microeconomics chart,0,0,2,0,0%,0%,8.5,0
minimum and maximum price diagram,0,0,2,0,0%,0%,8.5,0
economics notes pdf,0,0,2,1,0%,0%,9,6
economics theme 4,0,0,2,1,0%,0%,9,13
free economics,0,0,2,0,0%,0%,9,0
government expenditure meaning,0,0,2,1,0%,0%,9,18
ocr a level economics past paper,0,0,2,0,0%,0%,9,0
revision economics,0,0,2,0,0%,0%,9,0
supply side policy diagram,0,0,2,0,0%,0%,9,0
as level economics edexcel past papers,0,0,2,0,0%,0%,9.5,0
economic as a social science,0,0,2,2,0%,0%,9.5,4.5
"pearson edexcel a level economics information failure demerit goods 
specification",0,0,2,0,0%,0%,9.5,0
what are the main reasons for government intervention in markets,0,0,2,2,0%,0%,9.5,51.5
aqa a level economics past papers paper 1,0,0,2,2,0%,0%,10,10
disadvantages of specialisation and division of labour,0,0,2,1,0%,0%,10,11
economics expert,0,0,2,1,0%,0%,10,10
information gaps diagram,0,0,2,0,0%,0%,10,0
"pearson edexcel a level economics specification demerit goods imperfect 
information market failure",0,0,2,0,0%,0%,10,0
define government failure,0,0,2,5,0%,0%,10.5,52.8
government failure definition a level economics,0,0,2,0,0%,0%,10.5,0
lras shifting right diagram,0,0,2,0,0%,0%,10.5,0
"pearson edexcel a level economics specification demerit goods information 
failure mpb msb",0,0,2,0,0%,0%,10.5,0
1.42^2,0,0,2,0,0%,0%,11,0
economics rational decision making,0,0,2,0,0%,0%,11,0
specialisation division of labour,0,0,2,1,0%,0%,11,55
ocr economics as level past papers,0,0,2,5,0%,0%,11.5,7.8
as economics edexcel past papers,0,0,2,2,0%,0%,12,26.5
j curve a level economics edexcel,0,0,2,0,0%,0%,12,0
net trade,0,0,2,0,0%,0%,12,0
edexcel a level economics past papers paper 2,0,0,2,6,0%,0%,12.5,9
pes determinants,0,0,2,0,0%,0%,12.5,0
ap economics flashcards,0,0,2,0,0%,0%,13,0
as economics notes,0,0,2,0,0%,0%,13,0
econ edexcel past papers,0,0,2,1,0%,0%,13,9
economics alevel,0,0,2,0,0%,0%,13.5,0
edexcel a level economics paper 2 past papers,0,0,2,0,0%,0%,13.5,0
market diagrams,0,0,2,0,0%,0%,13.5,0
oligopoly diagram,0,0,2,0,0%,0%,13.5,0
economics study notes,0,0,2,2,0%,0%,14,19.5
advantages of division of labour,0,0,2,3,0%,0%,14.5,19.33
economics theme 2,0,0,2,2,0%,0%,14.5,8
what is government expenditure,0,0,2,2,0%,0%,14.5,21.5
division of labour in economics,0,0,2,3,0%,0%,15,23.33
demerit goods,0,0,2,0,0%,0%,15.5,0
aqa a level economics past papers paper 3,0,0,2,0,0%,0%,16,0
as economics past papers aqa,0,0,2,3,0%,0%,16.5,12.67
gov spending definition,0,0,2,0,0%,0%,16.5,0
economics aqa past paper,0,0,2,1,0%,0%,17,14
how does specialisation increase productivity,0,0,2,0,0%,0%,17.5,0
macroeconomics charts,0,0,2,0,0%,0%,17.5,0
as economics aqa past papers,0,0,2,0,0%,0%,18,0
as level economics aqa past papers,0,0,2,0,0%,0%,18,0
economics a level graphs,0,0,2,2,0%,0%,18,26
economics a social science,0,0,2,0,0%,0%,18,0
rational behaviour economics,0,0,2,1,0%,0%,18,39
what is pes economics,0,0,2,0,0%,0%,18,0
what is rational decision making,0,0,2,0,0%,0%,18,0
aqa as level economics past papers paper 3,0,0,2,0,0%,0%,18.5,0
government intervention economics a level,0,0,2,0,0%,0%,18.5,0
information failure definition,0,0,2,1,0%,0%,18.5,52
ocr economics paper 3,0,0,2,0,0%,0%,18.5,0
categories of market failure,0,0,2,1,0%,0%,19,83
ocr a level economics paper 2,0,0,2,0,0%,0%,19,0
adam smith specialisation,0,0,2,0,0%,0%,19.5,0
aqa past papers economics a level,0,0,2,0,0%,0%,19.5,0
aqa a-level economics past papers,0,0,2,0,0%,0%,20,0
aqa economics mark scheme,0,0,2,0,0%,0%,20,0
edexcel economics mark scheme,0,0,2,0,0%,0%,20,0
macro past papers,0,0,2,1,0%,0%,20,24
what is government failure,0,0,2,1,0%,0%,20,48
aqa a level paper 3 economics,0,0,2,0,0%,0%,20.5,0
aqa a level past papers economics,0,0,2,0,0%,0%,20.5,0
aqa economics past paper,0,0,2,0,0%,0%,20.5,0
market interventions,0,0,2,0,0%,0%,20.5,0
what are government expenditures,0,0,2,1,0%,0%,20.5,25
bounded self-control,0,0,2,0,0%,0%,21,0
what is the economic problem,0,0,2,2,0%,0%,21,29
economics paper 1 aqa a level,0,0,2,0,0%,0%,21.5,0
microeconomics as level,0,0,2,0,0%,0%,21.5,0
economics b,0,1,2,2,0%,50%,22,21
economics exam practice,0,0,2,0,0%,0%,22,0
supply side policies definition,0,0,2,0,0%,0%,22,0
3 types of market failure,0,0,2,0,0%,0%,22.5,0
all microeconomics diagrams aqa a level,0,0,2,0,0%,0%,22.5,0
rational economics,0,0,2,1,0%,0%,22.5,27
economics aid,0,0,2,0,0%,0%,23,0
aqa economics a level paper 3,0,0,2,0,0%,0%,23.5,0
negative output gap graph,0,0,2,0,0%,0%,24,0
division of labour and specialisation,0,0,2,0,0%,0%,24.5,0
division of labour economics,0,0,2,4,0%,0%,24.5,30.25
government intervention in the market,0,0,2,1,0%,0%,24.5,58
oligopoly diagram a level economics,0,0,2,1,0%,0%,24.5,59
edexcel economics paper 3,0,0,2,0,0%,0%,25,0
information gap,0,0,2,0,0%,0%,25,0
price elasticity of supply definition,0,0,2,0,0%,0%,25.5,0
economics paper 1,0,0,2,1,0%,0%,26,33
wage determination,0,0,2,0,0%,0%,26,0
economics paper 2 aqa,0,0,2,0,0%,0%,26.5,0
normative and positive statements,0,0,2,0,0%,0%,26.5,0
sales maximisation diagram,0,0,2,0,0%,0%,27,0
economic a level past papers,0,0,2,1,0%,0%,27.5,38
ocr economics paper 1,0,0,2,0,0%,0%,27.5,0
as aqa economics past papers,0,0,2,0,0%,0%,28,0
as edexcel economics past papers,0,0,2,3,0%,0%,28,37
horizontal growth,0,0,2,0,0%,0%,28,0
merit and demerit goods,0,0,2,0,0%,0%,28,0
all microeconomics diagrams,0,0,2,0,0%,0%,29,0
aqa economics past papers as,0,0,2,4,0%,0%,29,17.25
contestability diagram,0,0,2,0,0%,0%,29.5,0
diagram economics,0,0,2,2,0%,0%,29.5,34
minimum price diagram,0,0,2,1,0%,0%,29.5,35
econ past paper,0,0,2,4,0%,0%,30,47
economic past papers,0,0,2,1,0%,0%,30,27
how is unemployment measured,0,0,2,0,0%,0%,30,0
regulation diagram economics,0,0,2,1,0%,0%,30,47
as level economics past papers edexcel,0,0,2,0,0%,0%,30.5,0
pmt aqa a level economics past papers,0,0,2,0,0%,0%,30.5,0
economics as past papers edexcel,0,0,2,0,0%,0%,31,0
examples of government failure,0,0,2,0,0%,0%,31,0
normative statement in economics,0,0,2,2,0%,0%,31,25
economics year 1,0,0,2,0,0%,0%,31.5,0
normative statements,0,0,2,2,0%,0%,31.5,26
theme 3 edexcel economics a level,0,0,2,0,0%,0%,31.5,0
aqa a level economics paper 1 2023 leak,0,0,2,3,0%,0%,32,28
econ 1,0,0,2,0,0%,0%,32,0
macro graph,0,0,2,0,0%,0%,32,0
specialisation of labour definition,0,0,2,3,0%,0%,32,50.67
aqa a level economics paper 2 past papers,0,0,2,0,0%,0%,32.5,0
forms of market failure,0,0,2,2,0%,0%,32.5,58
inflationary gap diagram,0,0,2,3,0%,0%,32.5,50
what is a normative statement,0,0,2,0,0%,0%,32.5,0
econ past papers,0,0,2,0,0%,0%,33,0
macroeconomics equilibrium graph,0,0,2,0,0%,0%,33,0
econometrics academy,0,0,2,2,0%,0%,33.5,43.5
economic diagram,0,0,2,2,0%,0%,33.5,44
economics past papers aqa,0,0,2,6,0%,0%,34,16
information failure economics,0,0,2,4,0%,0%,34,43.75
aqa alevel economics past papers,0,0,2,0,0%,0%,34.5,0
diagrams economics,0,0,2,0,0%,0%,34.5,0
economics aqa past papers gcse,0,0,2,0,0%,0%,34.5,0
macroeconomics graph,0,0,2,0,0%,0%,34.5,0
microeconomics and macroeconomics diagram,0,0,2,0,0%,0%,35,0
ocr economics a level specification,0,0,2,1,0%,0%,35,22
what is government spending,0,0,2,3,0%,0%,35,43.67
information failure,0,0,2,4,0%,0%,35.5,39
pdf economics notes,0,0,2,0,0%,0%,35.5,0
x inefficiency diagram,0,0,2,2,0%,0%,35.5,50.5
government expenditure economics,0,0,2,3,0%,0%,36,50
merit goods,0,0,2,0,0%,0%,36,0
papers economics,0,0,2,0,0%,0%,36,0
price elastic supply curve,0,0,2,0,0%,0%,36.5,0
aqa as level economics paper 2,0,0,2,0,0%,0%,37,0
past papers a level economics,0,0,2,4,0%,0%,37,38.75
economics as level aqa,0,0,2,0,0%,0%,37.5,0
economics exam,0,0,2,1,0%,0%,37.5,41
economy questions,0,0,2,0,0%,0%,37.5,0
economics gcse ocr past papers,0,0,2,0,0%,0%,38,0
economics paper,0,0,2,0,0%,0%,38,0
reasons for government intervention,0,0,2,0,0%,0%,38,0
definition of price elasticity of supply,0,0,2,0,0%,0%,38.5,0
economics a level questions,0,0,2,0,0%,0%,38.5,0
government intervene,0,0,2,0,0%,0%,38.5,0
rational behaviour,0,0,2,1,0%,0%,38.5,35
aqa as level economics,0,0,2,2,0%,0%,39.5,43.5
economics a level ocr,0,0,2,0,0%,0%,40,0
economics gcse past papers ocr,0,0,2,3,0%,0%,40,39.67
market failure diagram a level economics,0,0,2,0,0%,0%,40,0
why do governments intervene in markets,0,0,2,1,0%,0%,40,13
a level ocr economics,0,0,2,0,0%,0%,40.5,0
intervention economics,0,0,2,0,0%,0%,40.5,0
market failure examples,0,0,2,1,0%,0%,40.5,83
supply side policy definition,0,0,2,0,0%,0%,41,0
economics as level past papers,0,0,2,7,0%,0%,41.5,41.29
positive and normative economics statements,0,0,2,1,0%,0%,41.5,39
what is pes in economics,0,0,2,0,0%,0%,41.5,0
economics government failure,0,0,2,6,0%,0%,42,27.83
a level economics papers,0,0,2,0,0%,0%,42.5,0
economics a level topics,0,0,2,0,0%,0%,43,0
a level economics past papers,0,0,2,5,0%,0%,43.5,39.6
economics past papers a level,0,0,2,0,0%,0%,43.5,0
economics graphs,0,0,2,0,0%,0%,44,0
ocr gcse economics past papers,0,0,2,2,0%,0%,44,35.5
microeconomic graphs,0,0,2,0,0%,0%,44.5,0
price elasticity of supply example,0,0,2,0,0%,0%,44.5,0
ocr economics past papers gcse,0,0,2,0,0%,0%,45,0
rational behavior in economics,0,0,2,0,0%,0%,45,0
2.5/2,0,0,2,1,0%,0%,45.5,51
economics classes,0,0,2,5,0%,0%,45.5,44.6
supply side policy,0,0,2,0,0%,0%,46,0
what causes economic growth,0,0,2,0,0%,0%,46,0
aqa a level economics,0,0,2,3,0%,0%,46.5,47.33
aqa economics a level,0,0,2,3,0%,0%,46.5,42.33
government failure examples,0,0,2,1,0%,0%,47,45
government failure graph,0,0,2,0,0%,0%,47,0
online economics a level tutor,0,0,2,2,0%,0%,48,50.5
economics ocr gcse past papers,0,0,2,0,0%,0%,48.5,0
a level econs tuition,0,0,2,0,0%,0%,49,0
a levels economics past papers,0,0,2,0,0%,0%,49,0
macro economics graphs,0,0,2,0,0%,0%,49,0
government intervention regulation,0,0,2,2,0%,0%,49.5,53.5
aggregate supply in wareham,0,0,2,0,0%,0%,50.5,0
micro economics graphs,0,0,2,0,0%,0%,51,0
positive normative statement,0,0,2,1,0%,0%,51.5,46
specialization and division of labour,0,0,2,1,0%,0%,52,42
what is specialization of labor,0,0,2,1,0%,0%,54,51
specialization of labour definition,0,0,2,2,0%,0%,57,52.5
market failure example,0,0,2,1,0%,0%,58.5,51
economics alevel past papers,0,0,2,0,0%,0%,59,0
types of government failure,0,0,2,1,0%,0%,59,54
ocr economic,0,0,2,0,0%,0%,59.5,0
online a level economics,0,0,2,1,0%,0%,59.5,59
government intervention meaning,0,0,2,2,0%,0%,60.5,53
example of market failure,0,0,2,1,0%,0%,61,65
econ],0,0,2,0,0%,0%,62.5,0
static efficiency a level economics,0,0,2,0,0%,0%,65,0
a level economics online,0,0,2,0,0%,0%,67,0
economic as a course,0,0,2,0,0%,0%,68,0
"(situação hipotética) helena é diabética, e por esse motivo está sempre 
atenta aos produtos que consome. certo dia, ao realizar as suas compras, 
notou que alguns produtos que desejava comprar não apresentavam em suas 
embalagens as informações necessárias para que ela pudesse ter certeza se 
poderia consumi-los ou não. ademais, helena notou ainda, que a maior parte 
das informações que constavam nas tais embalagens, não estavam escritas em 
língua portuguesa. diante desse contexto, helena procurou pelos órgãos 
reguladores e denunciou os fatos, no intuito de que tal situação não 
acontecesse mais. fonte: elaborada pela professora, 2023. considerando o 
que você aprendeu sobre esse assunto, pode-se dizer que o relato 
supracitado refere-se à correção da falha de mercado denominada de: 
alternativas alternativa 1: bens públicos. alternativa 2: externalidades. 
alternativa 3: bens meritórios. alternativa 4: poder de mercado. 
alternativa 5: assimetria de informação.",0,0,1,0,0%,0%,1,0
a level definition,0,0,1,0,0%,0%,1,0
a level economics online course free,0,0,1,3,0%,0%,1,1
benefits of government spending,0,0,1,0,0%,0%,1,0
can you show an image,0,0,1,0,0%,0%,1,0
competitive labour market,0,0,1,0,0%,0%,1,0
define economic problem,0,0,1,0,0%,0%,1,0
define government expenditure,0,0,1,2,0%,0%,1,8.5
define government spending in economics,0,0,1,1,0%,0%,1,2
definition of government expenditure,0,0,1,3,0%,0%,1,11.67
distortion of price signals,0,0,1,3,0%,0%,1,10
division labour meaning,0,0,1,0,0%,0%,1,0
does economics count as social science,0,0,1,0,0%,0%,1,0
economic is a science,0,0,1,0,0%,0%,1,0
economics aqa a level grade boundaries 2026,0,0,1,0,0%,0%,1,0
economics problem,0,0,1,0,0%,0%,1,0
elastic supply formula,0,0,1,0,0%,0%,1,0
example of opportunity cost in economics,0,0,1,0,0%,0%,1,0
"explain why government spending increases automatically when the economy 
goes into recession.",0,0,1,0,0%,0%,1,0
factors influencing pes,0,0,1,0,0%,0%,1,0
general government structural balance,0,0,1,0,0%,0%,1,0
give a defination,0,0,1,0,0%,0%,1,0
give more,0,0,1,0,0%,0%,1,0
in economy,0,0,1,0,0%,0%,1,0
is government intervention micro or macro,0,0,1,1,0%,0%,1,41
meaning of scarcity,0,0,1,0,0%,0%,1,0
micro revision,0,0,1,0,0%,0%,1,0
moral hazard and adverse selection,0,0,1,1,0%,0%,1,2
nasbit,0,0,1,0,0%,0%,1,0
opportunity cost definition economics,0,0,1,0,0%,0%,1,0
pes diagram economics,0,0,1,0,0%,0%,1,0
rational analysis meaning,0,0,1,0,0%,0%,1,0
scarcity def,0,0,1,0,0%,0%,1,0
"scarcity implies that: consumers would be willing to purchase the same 
quantity of a good at a higher price. it is impossible to completely 
fulfill the unlimited human desire for goods and services with the limited 
resources available. at the current market price, consumers are willing to 
purchase more of a good than suppliers are willing to produce. consumers 
are too poor to afford the goods and services available.",0,0,1,0,0%,0%,1,0
specialisation meaning in economics,0,0,1,0,0%,0%,1,0
types of market failures,0,0,1,1,0%,0%,1,26
weekly tuition,0,0,1,0,0%,0%,1,0
what happens to supply when prices increase,0,0,1,0,0%,0%,1,0
what is a opportunity cost in economics,0,0,1,0,0%,0%,1,0
what is an opportunity cost in economics,0,0,1,0,0%,0%,1,0
what is divison of labor,0,0,1,0,0%,0%,1,0
what is pes,0,0,1,0,0%,0%,1,0
what is social science,0,0,1,0,0%,0%,1,0
what is specialisation in economics,0,0,1,2,0%,0%,1,38
what is the economic problem?,0,0,1,0,0%,0%,1,0
which one should i ask for,0,0,1,0,0%,0%,1,0
with definitions,0,0,1,0,0%,0%,1,0
9 no,0,0,1,0,0%,0%,2,0
a level economics study pack pdf,0,0,1,0,0%,0%,2,0
classical lras diagram,0,0,1,0,0%,0%,2,0
defination of scarcity,0,0,1,0,0%,0%,2,0
define double coincidence of want,0,0,1,0,0%,0%,2,0
determinants of pes,0,0,1,0,0%,0%,2,0
disadvantage of specialization,0,0,1,0,0%,0%,2,0
division of labor definition economics,0,0,1,0,0%,0%,2,0
economic as a science,0,0,1,2,0%,0%,2,19
economic models are used to,0,0,1,0,0%,0%,2,0
edexcel business a level revision,0,0,1,0,0%,0%,2,0
explain the double coincidence of wants,0,0,1,0,0%,0%,2,0
how do you calculate opportunity cost,0,0,1,0,0%,0%,2,0
in detail,0,0,1,0,0%,0%,2,0
in detail pls,0,0,1,0,0%,0%,2,0
in ekonomiks,0,0,1,0,0%,0%,2,0
in very short,0,0,1,0,0%,0%,2,0
is this correct,0,0,1,0,0%,0%,2,0
micro curve,0,0,1,0,0%,0%,2,0
more,0,0,1,0,0%,0%,2,0
more notes,0,0,1,0,0%,0%,2,0
no there are more,0,0,1,0,0%,0%,2,0
oppertunity cost meaning,0,0,1,0,0%,0%,2,0
rational,0,0,1,0,0%,0%,2,0
rationally,0,0,1,0,0%,0%,2,0
scarcity causes economic problem how,0,0,1,0,0%,0%,2,0
scarcity defination,0,0,1,0,0%,0%,2,0
short definition of scarcity,0,0,1,0,0%,0%,2,0
social science philosophy,0,0,1,0,0%,0%,2,0
what are negative externalities,0,0,1,0,0%,0%,2,0
what is a model in economics,0,0,1,0,0%,0%,2,0
what is a scarcity,0,0,1,0,0%,0%,2,0
what is economic problem,0,0,1,1,0%,0%,2,2
what is economics,0,0,1,1,0%,0%,2,3
what is externalities,0,0,1,0,0%,0%,2,0
what is specialisation?,0,0,1,0,0%,0%,2,0
what's scarcity,0,0,1,0,0%,0%,2,0
advanced level economics notes,0,0,1,1,0%,0%,3,3
adverse selection and moral hazard,0,0,1,1,0%,0%,3,3
aqa a level economics grade boundaries 2026,0,0,1,0,0%,0%,3,0
"based on the taxing and spending cycle, how will changing expenditures 
affect taxes collected by the government? spending less will help lower 
prices, leading to an increase in tax revenue for the government. spending 
less will reduce services, leading to a reduction in tax revenue for the 
government. spending more will boost prices, leading to an increase in tax 
revenue for the government. spending more will increase services, leading 
to a reduction in tax revenue for the government.",0,0,1,0,0%,0%,3,0
economic model example,0,0,1,0,0%,0%,3,0
economic one,0,0,1,0,0%,0%,3,0
edexcel a level economics notes pdf,0,1,1,5,0%,20%,3,4.4
edexcel a level economics syllabus 2026,0,0,1,0,0%,0%,3,0
notes for economics,0,0,1,1,0%,0%,3,8
what does scarcity mean,0,0,1,0,0%,0%,3,0
what is economic problems,0,0,1,1,0%,0%,3,2
what is elastic supply,0,0,1,0,0%,0%,3,0
2.4÷4,0,0,1,0,0%,0%,4,0
a level edexcel economics notes,0,0,1,2,0%,0%,4,4.5
all macroeconomics diagrams,0,0,1,1,0%,0%,4,7
causes of market failure in economics,0,0,1,0,0%,0%,4,0
economics edexcel b past papers,0,0,1,7,0%,0%,4,10.29
edexcel business a level specification,0,0,1,0,0%,0%,4,0
for economic,0,0,1,0,0%,0%,4,0
past papers academy,0,0,1,0,0%,0%,4,0
"""ireland has dropped its low-tax policy of the past 18 years"" google 
facebook site their european headquarters in ireland extract b",0,0,1,0,0%,0%,5,0
2.3 2,0,0,1,0,0%,0%,5,0
edexcel ial economics student book 1 pdf,0,0,1,0,0%,0%,5,0
exam tuition economics,0,0,1,1,0%,0%,5,9
expenditure,0,0,1,0,0%,0%,5,0
in ditel,0,0,1,0,0%,0%,5,0
the aim of the consumer is to maximise profit. true false,0,0,1,0,0%,0%,5,0
what does rational decision mean,0,0,1,0,0%,0%,5,0
"which of the following market structures most likely has the greatest 
elasticity of demand? a. oligopoly b. perfect competition c. monopolistic 
competition",0,0,1,0,0%,0%,5,0
yes please,0,0,1,0,0%,0%,5,0
2.4 2,0,0,1,0,0%,0%,6,0
2.6 / 3,0,0,1,0,0%,0%,6,0
a level economics macro diagrams,0,0,1,1,0%,0%,6,7
a level edexcel economics revision,0,0,1,2,0%,0%,6,6
business and econ,0,0,1,0,0%,0%,6,0
economic problem definition,0,0,1,0,0%,0%,6,0
economic revision,0,0,1,3,0%,0%,6,16.67
economics a level ocr past papers,0,0,1,8,0%,0%,6,13
economics aqa,0,0,1,0,0%,0%,6,0
micro economics graph,0,0,1,2,0%,0%,6,36.5
microeconomics graphs explained,0,0,1,2,0%,0%,6,15
notes economics,0,0,1,0,0%,0%,6,0
what is specialization,0,0,1,0,0%,0%,6,0
withdrawals and injections,0,0,1,0,0%,0%,6,0
"""99a26050-b94f-4ffc-9eb0-73ed28a895d1""",0,0,1,0,0%,0%,7,0
1.1^3,0,0,1,2,0%,0%,7,11
1.2 10,0,0,1,0,0%,0%,7,0
a level economics ocr past papers,0,0,1,5,0%,0%,7,7.2
as economics revision,0,0,1,3,0%,0%,7,6.67
define economics as a social science,0,0,1,0,0%,0%,7,0
division of labour and specialization in economics,0,0,1,0,0%,0%,7,0
economics a level notes pdf,0,0,1,0,0%,0%,7,0
economy notes,0,0,1,1,0%,0%,7,7
free economics resources,0,0,1,0,0%,0%,7,0
in terms of economics,0,0,1,0,0%,0%,7,0
perfectly elastic pes,0,0,1,0,0%,0%,7,0
profit maximisation diagram,0,0,1,0,0%,0%,7,0
two types of supply side policies,0,0,1,0,0%,0%,7,0
(1.1)^3,0,0,1,0,0%,0%,8,0
3.5/3,0,0,1,0,0%,0%,8,0
a level economics notes pdf,0,0,1,3,0%,0%,8,6
difference between revaluation and appreciation,0,0,1,0,0%,0%,8,0
government failure economics definition,0,0,1,0,0%,0%,8,0
macro economics notes,0,0,1,0,0%,0%,8,0
marginal revenue productivity theory,0,0,1,0,0%,0%,8,0
microeconomic objectives a level,0,0,1,2,0%,0%,8,9
non-rival and non-excludable,0,0,1,0,0%,0%,8,0
pmt economics revision,0,0,1,0,0%,0%,8,0
theme 1 economics,0,0,1,2,0%,0%,8,9
"to survive and generate profit over the long run requires a firm to: select 
one: ◻️ a. focus on revenue maximisation. ◻️ b. be responsive to evolving 
customer needs and to relevant changes in the wider political, economic, 
social and technological environment ◻️ c. choose a low cost strategy and a 
differentiation strategy simultaneously. ◻️ d. put emphasis on its top 
managers' behaviours and ethics.",0,0,1,0,0%,0%,8,0
1.4.2 government failure,0,0,1,0,0%,0%,9,0
all a level economics diagrams,0,0,1,0,0%,0%,9,0
aqa as level economics past papers paper 2,0,0,1,2,0%,0%,9,16.5
as level edexcel economics past papers,0,0,1,0,0%,0%,9,0
derived demand a level economics,0,0,1,0,0%,0%,9,0
"edexcel a level economics information failure demerit good mpb msb 
overconsumption welfare loss",0,0,1,0,0%,0%,9,0
edexcel a-level economics past papers paper 2,0,0,1,1,0%,0%,9,10
every macroeconomics graph,0,0,1,0,0%,0%,9,0
inflation diagram a level economics,0,0,1,2,0%,0%,9,12
macroeconomics diagrams a level,0,0,1,2,0%,0%,9,7
microeconomic graph,0,0,1,1,0%,0%,9,8
policies to reduce poverty,0,0,1,0,0%,0%,9,0
rational decision definition,0,0,1,1,0%,0%,9,20
ad shift left diagram,0,0,1,0,0%,0%,10,0
concept of division of labour,0,0,1,0,0%,0%,10,0
econ practice questions,0,0,1,0,0%,0%,10,0
economics practice questions,0,0,1,0,0%,0%,10,0
edexcel a economics past papers,0,0,1,2,0%,0%,10,10
examples of specialisation in economics,0,0,1,1,0%,0%,10,9
exchange rate systems,0,0,1,0,0%,0%,10,0
explain price elasticity of supply,0,0,1,0,0%,0%,10,0
firm diagram economics,0,0,1,0,0%,0%,10,0
in edexcel,0,0,1,0,0%,0%,10,0
is econ social science,0,0,1,0,0%,0%,10,0
micro economics notes,0,0,1,0,0%,0%,10,0
minimum price diagram a level economics,0,0,1,0,0%,0%,10,0
ocr economics past paper,0,0,1,6,0%,0%,10,10.33
positive statement economics,0,0,1,0,0%,0%,10,0
profit maximisation diagram a level economics,0,0,1,0,0%,0%,10,0
rational decision means,0,0,1,0,0%,0%,10,0
reasons of market failure,0,0,1,0,0%,0%,10,0
specialisation definition in economics,0,0,1,0,0%,0%,10,0
supply side policies a level economics edexcel,0,0,1,0,0%,0%,10,0
a level economics aqa paper 1,0,0,1,0,0%,0%,11,0
a level economics definitions,0,0,1,1,0%,0%,11,39
a level economics edexcel,0,0,1,1,0%,0%,11,52
a level economics revision aqa,0,0,1,0,0%,0%,11,0
ad increase diagram,0,0,1,1,0%,0%,11,22
ad/as diagrams,0,0,1,0,0%,0%,11,0
ceteris paribus in economics means,0,0,1,0,0%,0%,11,0
demand side policies,0,0,1,0,0%,0%,11,0
injection and withdrawal in economics,0,0,1,0,0%,0%,11,0
is econ a social science,0,0,1,3,0%,0%,11,9
is normal profit the same as break even,0,0,1,0,0%,0%,11,0
keynesian inflationary gap diagram,0,0,1,0,0%,0%,11,0
macroeconomics drawing,0,0,1,1,0%,0%,11,27
mes diagram,0,0,1,0,0%,0%,11,0
normal profit,0,0,1,0,0%,0%,11,0
normative statements economics,0,0,1,0,0%,0%,11,0
past papers edexcel economics,0,0,1,3,0%,0%,11,22.67
"pearson edexcel a level economics specification demerit goods information 
gaps",0,0,1,0,0%,0%,11,0
positive output gap diagram keynesian,0,0,1,0,0%,0%,11,0
rational decision making economics definition,0,0,1,0,0%,0%,11,0
supply side policies diagram,0,0,1,0,0%,0%,11,0
what is information failure,0,0,1,0,0%,0%,11,0
a level economics b,0,0,1,0,0%,0%,12,0
ad-as diagram,0,0,1,4,0%,0%,12,24
define rational decision,0,0,1,0,0%,0%,12,0
for free plz,0,0,1,0,0%,0%,12,0
joint demand vs derived demand,0,0,1,0,0%,0%,12,0
market imperfections,0,0,1,0,0%,0%,12,0
micro economic diagrams,0,0,1,0,0%,0%,12,0
micro economics past papers,0,0,1,0,0%,0%,12,0
now economics,0,0,1,0,0%,0%,12,0
pmt economics notes,0,0,1,3,0%,0%,12,8.33
rational theory,0,0,1,0,0%,0%,12,0
spectrum of competition,0,0,1,0,0%,0%,12,0
economics aqa past papers a level,0,0,1,5,0%,0%,13,13.6
economics paper 1 2018,0,0,1,0,0%,0%,13,0
edexcel economics b paper 3 pre release,0,0,1,0,0%,0%,13,0
factors affecting government spending,0,0,1,0,0%,0%,13,0
macroeconomics notes,0,0,1,0,0%,0%,13,0
minimum efficient scale diagram,0,0,1,0,0%,0%,13,0
pmt a level edexcel economics,0,0,1,0,0%,0%,13,0
what is mean by division of labour,0,0,1,0,0%,0%,13,0
aqa a level economics paper 3 past papers,0,0,1,1,0%,0%,14,13
aqa econ past paper,0,0,1,2,0%,0%,14,31.5
choices and limited resources,0,0,1,0,0%,0%,14,0
definition of division of labor,0,0,1,0,0%,0%,14,0
economics a level help,0,0,1,1,0%,0%,14,14
edexcel a level economics paper 2 2024 mark scheme,0,0,1,0,0%,0%,14,0
what are the main branches of social science?,0,0,1,0,0%,0%,14,0
"what explains differences in labour market outcomes for similar workers 
across regions?",0,0,1,0,0%,0%,14,0
4.2.2,0,0,1,0,0%,0%,15,0
econacademy,0,0,1,0,0%,0%,15,0
economics a level edexcel a past papers,0,0,1,0,0%,0%,15,0
elasticity in economic,0,0,1,0,0%,0%,15,0
2.6.2 demand side policies,0,0,1,0,0%,0%,16,0
atar notes economics,0,0,1,0,0%,0%,16,0
joint demand examples,0,0,1,0,0%,0%,16,0
3.3.2,0,0,1,0,0%,0%,17,0
a level edexcel economics past paper,0,0,1,0,0%,0%,17,0
aqa a level economics past paper,0,0,1,3,0%,0%,17,14.33
as economics assessment resources,0,0,1,0,0%,0%,17,0
economics theme,0,0,1,1,0%,0%,17,20
edexcel economics paper 2 past papers,0,0,1,2,0%,0%,17,8
excess demand diagram,0,0,1,2,0%,0%,17,14.5
expenditure economics definition,0,0,1,0,0%,0%,17,0
government intervention a level economics,0,0,1,3,0%,0%,17,32.33
2016 economics,0,0,1,0,0%,0%,18,0
4.5/3,0,0,1,0,0%,0%,18,0
aqa a level economics past paper 3,0,0,1,0,0%,0%,18,0
economics mark scheme,0,0,1,0,0%,0%,18,0
government spending definition economics,0,0,1,4,0%,0%,18,33.75
joint demand graph,0,0,1,0,0%,0%,18,0
minimum wage diagram a level economics,0,0,1,0,0%,0%,18,0
rational decision economics,0,0,1,0,0%,0%,18,0
alevel econ,0,0,1,1,0%,0%,19,2
aqa economics paper 1,0,0,1,2,0%,0%,19,25
economics past papers edexcel a level,0,0,1,0,0%,0%,19,0
expert tuition edexcel a level economics,0,0,1,0,0%,0%,19,0
rational economic,0,0,1,1,0%,0%,19,21
what is rational decision making in economics,0,0,1,0,0%,0%,19,0
2023 economics paper,0,0,1,0,0%,0%,20,0
advantages of specialisation of labour,0,0,1,0,0%,0%,20,0
contestability,0,0,1,0,0%,0%,20,0
economics as level edexcel past papers,0,0,1,0,0%,0%,20,0
examples of government failure in the uk,0,0,1,0,0%,0%,20,0
graph microeconomics,0,0,1,1,0%,0%,20,49
intervention buying,0,0,1,0,0%,0%,20,0
social science of economics,0,0,1,2,0%,0%,20,23.5
tutor economics,0,0,1,0,0%,0%,20,0
a level economics market failure,0,0,1,1,0%,0%,21,36
a level edexcel a economics past papers,0,0,1,0,0%,0%,21,0
aqa paper 3 economics,0,0,1,0,0%,0%,21,0
deficit budget,0,0,1,0,0%,0%,21,0
economics paper 3 aqa,0,0,1,0,0%,0%,21,0
joint demand diagram,0,0,1,0,0%,0%,21,0
labour specialisation,0,0,1,0,0%,0%,21,0
macro economics revision,0,0,1,1,0%,0%,21,21
micro econ graph,0,0,1,0,0%,0%,21,0
relationship between scarcity and choice,0,1,0,1,0%,100%,0,4
aqa as economics paper 1,0,1,0,1,0%,100%,0,21
ocr a level economics exemplar answers,0,1,0,1,0%,100%,0,42
ocr as level economics past papers 2,0,0,0,12,0%,0%,0,7.83
theme4,0,0,0,7,0%,0%,0,4.43
adverse selection,0,0,0,7,0%,0%,0,5.43
normative economics,0,0,0,7,0%,0%,0,45.71
as and a level economics past papers,0,0,1,7,0%,0%,42,46.86
economics tuition online,0,0,0,7,0%,0%,0,81.14
1.1^5,0,0,0,6,0%,0%,0,5.17
aqa a level microeconomics,0,0,0,6,0%,0%,0,5.83
aqa microeconomics,0,0,0,6,0%,0%,0,7
advantages of specialisation and trade,0,0,0,6,0%,0%,0,7.5
what is market failure,0,0,0,6,0%,0%,0,19.67
economics lessons,0,0,0,6,0%,0%,0,20.5
market failure definition,0,0,0,5,0%,0%,0,37.6
define market failure economics,0,0,0,5,0%,0%,0,46.8
what does expenditure mean,0,0,0,4,0%,0%,0,1
edexcel a level economics theme 1,0,0,0,4,0%,0%,0,8.25
economics past paper edexcel,0,0,0,4,0%,0%,0,9.25
economics b edexcel,0,0,1,4,0%,0%,26,15.25
economics edexcel revision,0,0,0,4,0%,0%,0,15.25
what is market failure a level economics,0,0,0,4,0%,0%,0,18.75
aqa economics alevel,0,0,0,4,0%,0%,0,38
past paper economics,0,0,0,4,0%,0%,0,48
aqa a level economics revision notes pdf,0,0,0,3,0%,0%,0,6
specialisation definition a level economics,0,0,0,3,0%,0%,0,6.33
rational decision making economics a level,0,0,0,3,0%,0%,0,6.67
ocr a level macroeconomics past papers,0,0,0,3,0%,0%,0,7
write the definition of: information gaps,0,0,0,3,0%,0%,0,9
economics as social science,0,0,0,3,0%,0%,0,13.67
x efficiency diagram,0,0,0,3,0%,0%,0,14.67
notes on economics,0,0,0,3,0%,0%,0,15.67
ocr economics revision,0,0,1,3,0%,0%,32,20.67
aqa a level economics paper 1,0,0,1,3,0%,0%,24,22.33
economics paper 1 aqa,0,0,0,3,0%,0%,0,22.33
causes of government failure,0,0,1,3,0%,0%,52,24
government spending meaning,0,0,0,3,0%,0%,0,24.33
government expenditures definition economics,0,0,0,3,0%,0%,0,29.33
a level edexcel economics,0,0,0,3,0%,0%,0,31.67
micro and macro economics diagram,0,0,0,3,0%,0%,0,36.33
economics rational behavior,0,0,0,3,0%,0%,0,39
government intervention example,0,0,0,3,0%,0%,0,39.67
what is a rational decision in economics,0,0,0,3,0%,0%,0,43.33
edexcel economics,0,0,0,3,0%,0%,0,47
government intervention to correct market failure,0,0,0,3,0%,0%,0,47.67
public expenditure,0,0,0,3,0%,0%,0,47.67
government intervention in market,0,0,1,3,0%,0%,24,56.33
normative statement meaning,0,0,0,3,0%,0%,0,62.67
government intervention in market failure,0,0,0,3,0%,0%,0,65
definition of market failure in economics,0,0,0,3,0%,0%,0,69.33
ae diagram,0,0,0,3,0%,0%,0,70.33
information economics,0,0,0,2,0%,0%,0,1
online a level economics free,0,0,0,2,0%,0%,0,1
what is adverse selection,0,0,0,2,0%,0%,0,1.5
edexcel a level business theme 3 revision notes,0,0,0,2,0%,0%,0,3.5
division of labour a level economics,0,0,0,2,0%,0%,0,5
economics a level edexcel b past papers,0,0,0,2,0%,0%,0,5
economics a level edexcel notes,0,0,0,2,0%,0%,0,5.5
edexcel economics b past papers 2,0,0,0,2,0%,0%,0,5.5
edexcel economics b as level past papers,0,0,0,2,0%,0%,0,6
economics as revision,0,0,0,2,0%,0%,0,7
economics a level edexcel b,0,0,0,2,0%,0%,0,7.5
economics theme 2 revision,0,0,0,2,0%,0%,0,7.5
edexcel as level economics past papers paper 2,0,0,0,2,0%,0%,0,7.5
information gaps economics definition,0,0,0,2,0%,0%,0,8
a level economics past paper aqa,0,0,0,2,0%,0%,0,8.5
economics me,0,0,0,2,0%,0%,0,8.5
economics paper 1 notes,0,0,0,2,0%,0%,0,8.5
a level economics past paper edexcel,0,0,0,2,0%,0%,0,9
econ aqa a level past papers,0,0,0,2,0%,0%,0,9
theme 2 economics,0,0,0,2,0%,0%,0,9
aqa a level economics past papers 2,0,0,0,2,0%,0%,0,9.5
economics edexcel past papers a level,0,0,0,2,0%,0%,0,9.5
edexcel a level economics information failure demerit good definition,0,0,0,2,0%,0%,0,9.5
ocr macroeconomics past papers,0,0,0,2,0%,0%,0,9.5
edexcel past paper economics,0,0,0,2,0%,0%,0,10
theme 4 edexcel economics a level,0,0,0,2,0%,0%,0,10.5
microeconomics revision notes,0,0,0,2,0%,0%,0,11.5
economics class notes,0,0,1,2,0%,0%,37,15.5
expenditure definition economics,0,0,0,2,0%,0%,0,15.5
economics past papers a level aqa,0,0,0,2,0%,0%,0,16.5
market failure in economics,0,0,0,2,0%,0%,0,19
edexcel a a level economics past papers,0,0,0,2,0%,0%,0,19.5
specialisation advantages and disadvantages,0,0,0,2,0%,0%,0,19.5
edexcel a level economics paper 3 past papers,0,0,0,2,0%,0%,0,20
define government spending,0,0,0,2,0%,0%,0,22
past paper economics a level edexcel,0,0,0,2,0%,0%,0,22
1.4.1 government intervention in markets,0,0,0,2,0%,0%,0,22.5
different types of market failure,0,0,1,2,0%,0%,25,22.5
economics a,0,0,1,2,0%,0%,43,22.5
specialization vs division of labor,0,0,0,2,0%,0%,0,22.5
difference between specialisation and division of labour,0,0,0,2,0%,0%,0,24
explain government spending,0,0,0,2,0%,0%,0,24
types of government expenditure,0,0,0,2,0%,0%,0,24.5
aqa economics paper 2,0,0,0,2,0%,0%,0,25
edexcel economics as past papers,0,0,0,2,0%,0%,0,26.5
what are normative statements,0,0,0,2,0%,0%,0,26.5
what is division of labour in economics,0,0,1,2,0%,0%,38,27
economic past paper,0,0,0,2,0%,0%,0,28
economics o level notes,0,0,0,2,0%,0%,0,28
economic social science,0,0,0,2,0%,0%,0,29
2018 paper 3 economics edexcel,0,0,0,2,0%,0%,0,29.5
edexcel econ past papers,0,0,0,2,0%,0%,0,29.5
example of a market failure,0,0,0,2,0%,0%,0,30.5
classical diagram economics,0,0,0,2,0%,0%,0,31
edexcel economics paper 3 past papers,0,0,0,2,0%,0%,0,32
types of government spending,0,0,0,2,0%,0%,0,33.5
aqa a level economics paper 2,0,0,1,2,0%,0%,45,34
aqa a level paper 2 economics,0,0,0,2,0%,0%,0,34
aqa alevel econ paper 3,0,0,0,2,0%,0%,0,34
all graphs for macroeconomics,0,0,1,2,0%,0%,67,34.5
example of government intervention,0,0,0,2,0%,0%,0,35
overproduction diagram,0,0,0,2,0%,0%,0,35
as level microeconomics past papers,0,0,1,2,0%,0%,27,36
information provision diagram,0,0,0,2,0%,0%,0,36
types of market failure economics,0,0,1,2,0%,0%,61,38
aqa as economics past paper,0,0,0,2,0%,0%,0,38.5
economics social,0,0,1,2,0%,0%,36,39.5
types government intervention,0,0,1,2,0%,0%,50,39.5
information failure diagram,0,0,1,2,0%,0%,30,41
market failiure,0,0,0,2,0%,0%,0,41
aqa economics as level,0,0,0,2,0%,0%,0,41.5
a level econ past papers,0,0,0,2,0%,0%,0,42
economics ocr a level,0,0,1,2,0%,0%,39,42.5
gcse economics past papers ocr,0,0,0,2,0%,0%,0,42.5
gcse economics aqa past papers,0,0,0,2,0%,0%,0,43.5
market failure econ,0,0,0,2,0%,0%,0,43.5
edexcel a level economics,0,0,1,2,0%,0%,39,44.5
examples of division of labour,0,0,0,2,0%,0%,0,44.5
government economic intervention,0,0,1,2,0%,0%,48,45.5
aqa economics past papers gcse,0,0,1,2,0%,0%,38,46
examples of government intervention,0,0,0,2,0%,0%,0,46
gcse aqa economics past papers,0,0,0,2,0%,0%,0,46
online economics tuition,0,0,0,2,0%,0%,0,48
government intervention in the economy,0,0,1,2,0%,0%,46,48.5
government intervention examples,0,0,0,2,0%,0%,0,49.5
government intervention microeconomics,0,0,1,2,0%,0%,57,50
define market failure,0,0,0,2,0%,0%,0,50.5
economic diagrams,0,0,1,2,0%,0%,34,51
methods of government intervention,0,0,1,2,0%,0%,49,51.5
govt intervention,0,0,0,2,0%,0%,0,52
market structure diagrams,0,0,0,2,0%,0%,0,53.5
forms of government intervention,0,0,1,2,0%,0%,60,55
partial market failure,0,0,0,2,0%,0%,0,55
positive statement definition economics,0,0,0,2,0%,0%,0,56.5
market intervention economics,0,0,0,2,0%,0%,0,57
normative statement definition,0,0,0,2,0%,0%,0,63
four types of market failure,0,0,1,2,0%,0%,35,69.5
market failure occurs when,0,0,0,2,0%,0%,0,78.5
meaning of market failure,0,0,0,2,0%,0%,0,79
"""expenditure transfers"" ""federal old-age and survivors insurance trust fund""",0,0,0,1,0%,0%,0,1
2.2.4 meaning,0,0,0,1,0%,0%,0,1
anti-selection risk,0,0,0,1,0%,0%,0,1
disadvantage of division of labour,0,0,1,1,0%,0%,26,1
explain more,0,0,0,1,0%,0%,0,1
government budget balance,0,0,0,1,0%,0%,0,1
government expenditure examples,0,0,0,1,0%,0%,0,1
information asymmetry in economics,0,0,0,1,0%,0%,0,1
market failures,0,0,0,1,0%,0%,0,1
them4,0,0,0,1,0%,0%,0,1
what is economic,0,0,0,1,0%,0%,0,1
what is social studies in school,0,0,0,1,0%,0%,0,1
why do economic problem arise,0,0,0,1,0%,0%,0,1
why is economics considered a social science,0,0,0,1,0%,0%,0,1
with economics,0,0,0,1,0%,0%,0,1
"""imperfect information"" ""most important"" ""market failure"" stiglitz quote",0,0,0,1,0%,0%,0,2
"""l'information imparfaite"" ""cause la plus importante"" ""défaillances du 
marché""",0,0,0,1,0%,0%,0,2
"""l’information imparfaite"" ""cause la plus importante"" ""défaillances du 
marché""",0,0,0,1,0%,0%,0,2
academy,0,0,0,1,0%,0%,0,2
adverse selection insurance,0,0,0,1,0%,0%,0,2
economic model,0,0,0,1,0%,0%,0,2
economics 2024 question paper,0,0,0,1,0%,0%,0,2
example of moral hazard,0,0,0,1,0%,0%,0,2
examples of market failure,0,0,0,1,0%,0%,0,2
imperfect competition diagram,0,0,0,1,0%,0%,0,2
scarcity and choice,0,0,0,1,0%,0%,0,2
social science?,0,0,0,1,0%,0%,0,2
what is adverse selection in finance,0,0,0,1,0%,0%,0,2
what is asymmetric information,0,0,0,1,0%,0%,0,2
why is economics a social science,0,0,0,1,0%,0%,0,2
a level economic,0,0,0,1,0%,0%,0,3
academy of economics,0,0,0,1,0%,0%,0,3
aqa,0,0,0,1,0%,0%,0,3
economics pmt,0,0,0,1,0%,0%,0,3
edexcel economics theme 1,0,0,0,1,0%,0%,0,3
externalities,0,0,0,1,0%,0%,0,3
send me link,0,0,0,1,0%,0%,0,3
sst exam,0,0,0,1,0%,0%,0,3
welfare loss economics,0,0,0,1,0%,0%,0,3
"when the government requires safety inspections for cars it is trying to 
limit a market failure due to",0,0,0,1,0%,0%,0,3
why are resources for consumer consumption limited?,0,0,0,1,0%,0%,0,3
ad and as diagrams,0,0,1,1,0%,0%,24,4
economics ke notes,0,0,0,1,0%,0%,0,4
shift in marginal social cost a level economics edexcel,0,0,0,1,0%,0%,0,4
what of economics,0,0,0,1,0%,0%,0,4
asymmetric information,0,0,0,1,0%,0%,0,5
basic economics notes,0,0,0,1,0%,0%,0,5
economics a level revision guide,0,0,0,1,0%,0%,0,5
"edexcel a level economics information failure demerit goods specification 
pdf",0,0,0,1,0%,0%,0,5
information gaps a level economics,0,0,0,1,0%,0%,0,5
macroeconomics a level notes,0,0,0,1,0%,0%,0,5
marginal diagram,0,0,0,1,0%,0%,0,5
notes of economics,0,0,0,1,0%,0%,0,5
what is social science in economics,0,0,0,1,0%,0%,0,5
a level edexcel economics b past papers,0,0,0,1,0%,0%,0,6
economics a level past papers ocr,0,0,0,1,0%,0%,0,6
find me it,0,0,0,1,0%,0%,0,6
macroeconomic diagrams a level edexcel,0,0,0,1,0%,0%,0,6
microeconomics edexcel a level,0,0,0,1,0%,0%,0,6
1.1.5 specialisation and the division of labour,0,0,0,1,0%,0%,0,7
1.1/3,0,0,0,1,0%,0%,0,7
economics material,0,0,0,1,0%,0%,0,7
edexcel economics b a level past papers,0,0,0,1,0%,0%,0,7
edexcel economics b paper 1,0,0,0,1,0%,0%,0,7
hardest economics diagram,0,0,0,1,0%,0%,0,7
a level edexcel economics paper 2 past papers,0,0,0,1,0%,0%,0,8
all macroeconomic diagrams edexcel a level,0,0,0,1,0%,0%,0,8
as ocr economics past papers,0,0,0,1,0%,0%,0,8
economics a edexcel past papers,0,0,0,1,0%,0%,0,8
economics past paper a level edexcel,0,0,0,1,0%,0%,0,8
edexcel a-level economics past papers,0,0,0,1,0%,0%,0,8
in english,0,0,0,1,0%,0%,0,8
information gaps (government failure),0,0,0,1,0%,0%,0,8
ocr a level economics past papers paper 3,0,0,0,1,0%,0%,0,8
ocr microeconomics past papers,0,0,0,1,0%,0%,0,8
1.1.3,0,0,0,1,0%,0%,0,9
a level econ aqa past papers,0,0,0,1,0%,0%,0,9
a level economics aqa past paper,0,0,0,1,0%,0%,0,9
a level economics edexcel past paper,0,0,0,1,0%,0%,0,9
all macro diagrams,0,0,1,1,0%,0%,49,9
aqa a level econ past papers,0,0,0,1,0%,0%,0,9
aqa a level economics paper 1 revision,0,0,0,1,0%,0%,0,9
aqa economics a level revision,0,0,0,1,0%,0%,0,9
causes of market failure a level economics,0,0,0,1,0%,0%,0,9
econ short notes,0,0,0,1,0%,0%,0,9
economics past paper ocr,0,0,0,1,0%,0%,0,9
edexcel a level business theme 3 topics,0,0,0,1,0%,0%,0,9
edexcel economics theme 4,0,0,0,1,0%,0%,0,9
government intervention definition a level economics,0,0,0,1,0%,0%,0,9
macro economics diagrams,0,0,0,1,0%,0%,0,9
past papers economics edexcel,0,0,0,1,0%,0%,0,9
productive inefficiency diagram,0,0,0,1,0%,0%,0,9
1.1 ^ 3,0,0,0,1,0%,0%,0,10
aqa a level economic past papers,0,0,0,1,0%,0%,0,10
as level economics past papers aqa,0,0,1,1,0%,0%,26,10
econ note,0,0,0,1,0%,0%,0,10
edexcel a level economics past papers 2,0,0,0,1,0%,0%,0,10
edexcel economics past paper,0,0,0,1,0%,0%,0,10
hs economics academy,0,0,1,1,0%,0%,22,10
microeconomics a level aqa,0,0,0,1,0%,0%,0,10
negative output gap diagram a level economics,0,0,0,1,0%,0%,0,10
ocr economics a level past paper,0,0,0,1,0%,0%,0,10
a level economics theme 1,0,0,0,1,0%,0%,0,11
difference between division of labour and specialization,0,0,0,1,0%,0%,0,11
edexcel economics b paper 3,0,0,0,1,0%,0%,0,11
notes in economics,0,0,0,1,0%,0%,0,11
yfe economics,0,0,0,1,0%,0%,0,11
definition of government spending in economics,0,0,0,1,0%,0%,0,12
government intervention in business,0,0,0,1,0%,0%,0,12
economic as social science,0,0,0,1,0%,0%,0,13
definition of government spending,0,0,0,1,0%,0%,0,14
economic statements,0,0,0,1,0%,0%,0,14
economics theme 3,0,0,0,1,0%,0%,0,14
meaning of government expenditure,0,0,0,1,0%,0%,0,14
theme 2 economics edexcel past papers,0,0,0,1,0%,0%,0,14
theme 4 economics a level edexcel,0,0,0,1,0%,0%,0,14
decision making economics,0,0,0,1,0%,0%,0,15
definition government spending,0,0,0,1,0%,0%,0,15
economics market failure definition,0,0,1,1,0%,0%,63,15
expenditure economics,0,0,0,1,0%,0%,0,15
explain the relationship between scarcity choice and opportunity cost,0,0,0,1,0%,0%,0,15
government expenditures definition,0,0,0,1,0%,0%,0,15
market diagram economics,0,0,0,1,0%,0%,0,15
social science economics definition,0,0,0,1,0%,0%,0,15
what are positive and normative statements,0,0,0,1,0%,0%,0,15
advantage of division of labour,0,0,0,1,0%,0%,0,16
aqa a level economics past papers 3,0,0,0,1,0%,0%,0,16
as level economics,0,0,0,1,0%,0%,0,16
economics as a social science definition,0,0,0,1,0%,0%,0,16
economics note,0,0,0,1,0%,0%,0,16
what is rational behaviour,0,0,0,1,0%,0%,0,16
aqa past paper economics,0,0,0,1,0%,0%,0,17
class economic,0,0,0,1,0%,0%,0,17
edexcel a level economics a past papers,0,0,1,1,0%,0%,29,17
kaa economics,0,0,0,1,0%,0%,0,17
rational definition economics,0,0,0,1,0%,0%,0,17
rationality economics definition,0,0,0,1,0%,0%,0,17
specialisation meaning economics,0,0,1,1,0%,0%,43,17
aqa alevel economics paper 2,0,0,0,1,0%,0%,0,18
aqa microeconomics past papers,0,0,0,1,0%,0%,0,18
economics tutor a level online,0,0,0,1,0%,0%,0,19
increase in ad diagram,0,0,0,1,0%,0%,0,19
recessionary output gap,0,0,0,1,0%,0%,0,19
scarcity and choice in economics,0,0,0,1,0%,0%,0,19
advantage and disadvantage of division of labour,0,0,0,1,0%,0%,0,20
economic growth ad as diagram,0,0,0,1,0%,0%,0,20
economics as level past papers aqa,0,0,0,1,0%,0%,0,20
economics paper 2 past papers,0,0,0,1,0%,0%,0,20
edexcel a level business theme 4 revision notes,0,0,0,1,0%,0%,0,20
government intervention to affect the production of a good is _____.,0,0,0,1,0%,0%,0,20
1.2.6 price determination,0,0,0,1,0%,0%,0,21
aqa paper 2 economics,0,0,0,1,0%,0%,0,21
as economics edexcel a past papers,0,0,0,1,0%,0%,0,21
economics in social science,0,0,0,1,0%,0%,0,21
what is a government expenditure,0,0,0,1,0%,0%,0,21
aqa a level economics paper 1 2025,0,0,0,1,0%,0%,0,22
edexcel paper 3 economics,0,0,0,1,0%,0%,0,22
market failure economics notes,0,0,0,1,0%,0%,0,22
positive and normative statement,0,0,0,1,0%,0%,0,22
2024 economics edexcel paper 1,0,0,0,1,0%,0%,0,23
ad and as diagram,0,0,0,1,0%,0%,0,23
b economics,0,0,0,1,0%,0%,0,23
class economics,0,0,0,1,0%,0%,0,23
edexcel macroeconomics past papers,0,0,0,1,0%,0%,0,23
government intervention in markets,0,0,1,1,0%,0%,33,23
edexcel economics paper,0,0,0,1,0%,0%,0,24
expert tuition theme 2,0,0,0,1,0%,0%,0,24
lras diagram,0,0,0,1,0%,0%,0,24
rational behaviour in economics,0,0,0,1,0%,0%,0,24
theme 3 a level business edexcel,0,0,0,1,0%,0%,0,24
a level economics theme 2,0,0,1,1,0%,0%,30,25
aqa economics papers,0,0,0,1,0%,0%,0,25
disadvantage of specialisation,0,0,1,1,0%,0%,34,25
economics as past papers,0,0,0,1,0%,0%,0,25
economics science,0,0,1,1,0%,0%,29,25
edexcel economics past papers paper 3,0,0,0,1,0%,0%,0,25
inflationary pressure diagram,0,0,0,1,0%,0%,0,25
market failure edexcel a level economics,0,0,0,1,0%,0%,0,25
a level economics mark scheme,0,0,1,1,0%,0%,23,26
advantages and disadvantages of specialisation,0,0,0,1,0%,0%,0,26
budget expenditures,0,0,0,1,0%,0%,0,26
eco past papers,0,0,0,1,0%,0%,0,26
a level aqa economics paper 3,0,0,0,1,0%,0%,0,27
a level economics government intervention,0,0,0,1,0%,0%,0,27
aqa a level economics paper 3,0,0,0,1,0%,0%,0,27
budget expenditure,0,0,0,1,0%,0%,0,27
cost and revenue diagram a level economics,0,0,0,1,0%,0%,0,27
expenditure of government,0,0,0,1,0%,0%,0,27
"government intervention through subsidies and taxes is an example of: (a) 
market deregulation (b) monetary polic",0,0,0,1,0%,0%,0,27
macro paper,0,0,0,1,0%,0%,0,27
meaning of government spending,0,0,0,1,0%,0%,0,27
ocr macro,0,0,0,1,0%,0%,0,27
profit maximising diagram,0,0,0,1,0%,0%,0,27
types of division of labour,0,0,0,1,0%,0%,0,27
what is social science?,0,0,0,1,0%,0%,0,27
aggregate supply diagram,0,0,1,1,0%,0%,47,28
economics a level aqa paper 3,0,0,0,1,0%,0%,0,28
economics government spending,0,0,0,1,0%,0%,0,28
government failure economics a level,0,0,0,1,0%,0%,0,28
normative economic statements,0,0,0,1,0%,0%,0,28
what is a normative economic statement,0,0,1,1,0%,0%,37,28
1st year economics,0,0,0,1,0%,0%,0,29
aqa a level economics 2025 paper 1,0,0,0,1,0%,0%,0,29
aqa a level economics paper 2 2026,0,0,0,1,0%,0%,0,29
benefits of division of labour,0,0,1,1,0%,0%,24,29
definition for market failure,0,0,1,1,0%,0%,30,29
microeconomics drawing,0,0,0,1,0%,0%,0,29
what is market failure economics,0,0,1,1,0%,0%,72,29
alevel econ past papers,0,0,0,1,0%,0%,0,30
eco exam,0,0,0,1,0%,0%,0,30
rational behaviour meaning,0,0,0,1,0%,0%,0,30
social science economics,0,0,1,1,0%,0%,30,30
year 9 economics,0,0,0,1,0%,0%,0,30
subnormal profit diagram,0,0,0,1,0%,0%,0,31
what is government expenditures,0,0,0,1,0%,0%,0,31
aqa economics paper 1 2026,0,0,0,1,0%,0%,0,32
business economics paper,0,0,0,1,0%,0%,0,32
edexcel economics as paper 1,0,0,0,1,0%,0%,0,32
government capital expenditure,0,0,0,1,0%,0%,0,32
pmt ocr economics a level,0,0,0,1,0%,0%,0,32
a level economics past papers and answers pdf,0,0,0,1,0%,0%,0,33
ad/as diagram,0,0,0,1,0%,0%,0,33
aqa a level economics paper 2 2025,0,0,1,1,0%,0%,35,33
economics a level mark scheme,0,0,0,1,0%,0%,0,33
edexcel a level economics paper,0,0,0,1,0%,0%,0,33
edexcel a level economics paper 1 2023 mark scheme,0,0,0,1,0%,0%,0,33
positive and normative economic statements,0,0,1,1,0%,0%,36,33
positive and normative statements economics,0,0,0,1,0%,0%,0,33
rational behavior economics,0,0,1,1,0%,0%,35,33
classical diagram,0,0,0,1,0%,0%,0,34
econ papers,0,0,0,1,0%,0%,0,34
essential graphs for microeconomics,0,0,0,1,0%,0%,0,34
information provision economics,0,0,0,1,0%,0%,0,34
11 economics notes,0,0,0,1,0%,0%,0,35
aqa a level econ,0,0,0,1,0%,0%,0,35
economics past paper a level,0,0,0,1,0%,0%,0,35
government provision,0,0,0,1,0%,0%,0,35
macroeconomics graphs explained,0,0,0,1,0%,0%,0,35
market failure economics definition,0,0,0,1,0%,0%,0,35
past economics papers,0,0,1,1,0%,0%,29,35
all graphs for microeconomics,0,0,0,1,0%,0%,0,36
past papers of economics,0,0,0,1,0%,0%,0,36
tariff diagram a level economics edexcel,0,0,0,1,0%,0%,0,36
economics b edexcel a level specification,0,0,0,1,0%,0%,0,37
edexcel economics b spec,0,0,0,1,0%,0%,0,37
expert tutor academy,0,0,0,1,0%,0%,0,37
"which is not a result of regulation, or government intervention in a market?",0,0,1,1,0%,0%,35,37
as economics diagrams,0,0,0,1,0%,0%,0,38
as level past papers economics,0,0,1,1,0%,0%,39,38
economic note,0,0,0,1,0%,0%,0,38
economics micro,0,0,0,1,0%,0%,0,38
financial markets economics,0,0,0,1,0%,0%,0,38
past papers for economics,0,0,0,1,0%,0%,0,38
a level economics past paper,0,0,1,1,0%,0%,45,39
aqa a level economics 2025,0,0,0,1,0%,0%,0,39
benefits of specialisation,0,0,0,1,0%,0%,0,39
disadvantages of government intervention,0,0,0,1,0%,0%,0,39
economics a level paper 1,0,0,0,1,0%,0%,0,39
economics social sciences,0,0,0,1,0%,0%,0,39
edexcel a level economics b specification,0,0,1,1,0%,0%,43,39
minimal government intervention,0,0,0,1,0%,0%,0,39
rational in economics,0,0,0,1,0%,0%,0,39
a level economics paper 3 aqa,0,0,0,1,0%,0%,0,40
economics a level paper,0,0,0,1,0%,0%,0,40
economics financial markets,0,0,0,1,0%,0%,0,40
economics summary,0,0,0,1,0%,0%,0,40
market failure definition in economics,0,0,1,1,0%,0%,39,40
note on economics,0,0,0,1,0%,0%,0,40
output gap definition,0,0,0,1,0%,0%,0,40
what is a positive output gap,0,0,0,1,0%,0%,0,40
a level economics all diagrams,0,0,0,1,0%,0%,0,41
macroeconomics past papers,0,0,1,1,0%,0%,23,41
normative economics statement,0,0,1,1,0%,0%,45,41
what are government spending,0,0,0,1,0%,0%,0,41
externalities market failure,0,0,0,1,0%,0%,0,42
market failure diagram economics,0,0,1,1,0%,0%,68,42
microeconomics past paper,0,0,0,1,0%,0%,0,42
output gaps economics,0,0,0,1,0%,0%,0,42
aqa economics as,0,0,0,1,0%,0%,0,43
econ diagram,0,0,0,1,0%,0%,0,43
government and budget,0,0,0,1,0%,0%,0,43
government intervention economy,0,0,0,1,0%,0%,0,43
intervention in economics,0,0,1,1,0%,0%,38,43
labor market graph micro,0,0,0,1,0%,0%,0,43
macro labour market diagram,0,0,0,1,0%,0%,0,43
negative output gap,0,0,0,1,0%,0%,0,43
output gap meaning,0,0,0,1,0%,0%,0,43
past papers economics a level,0,0,0,1,0%,0%,0,43
rational and irrational behaviour,0,0,0,1,0%,0%,0,43
theory of division of labour,0,0,0,1,0%,0%,0,43
what is market failure in economics,0,0,1,1,0%,0%,52,43
economics a level past paper,0,0,1,1,0%,0%,62,44
market failures economics,0,0,0,1,0%,0%,0,44
micro graphs,0,0,1,1,0%,0%,56,44
economics market failure,0,0,0,1,0%,0%,0,45
economics output,0,0,0,1,0%,0%,0,45
normative economic,0,0,0,1,0%,0%,0,45
types of government expenditures,0,0,0,1,0%,0%,0,45
what is a normative statement in economics,0,0,1,1,0%,0%,48,45
aqa a level economics paper 3 2025 mark scheme,0,0,0,1,0%,0%,0,46
economics edexcel,0,0,0,1,0%,0%,0,46
effective demand diagram,0,0,0,1,0%,0%,0,46
examples of positive and normative statements,0,0,0,1,0%,0%,0,46
what is government intervention in economics,0,0,1,1,0%,0%,50,46
a2 economics notes,0,0,1,1,0%,0%,48,47
define market failure in economics,0,0,0,1,0%,0%,0,47
economic al,0,0,0,1,0%,0%,0,47
economics easy,0,0,0,1,0%,0%,0,47
economics solution,0,0,1,1,0%,0%,41,47
gcse economics ocr past papers,0,0,1,1,0%,0%,41,47
macro graphs,0,0,1,1,0%,0%,64,47
what is an output gap in economics,0,0,0,1,0%,0%,0,47
what is the output gap,0,0,0,1,0%,0%,0,47
economic a level edexcel,0,0,0,1,0%,0%,0,48
economic tuition,0,0,0,1,0%,0%,0,48
economics aqa gcse past papers,0,0,0,1,0%,0%,0,48
government intervention in economy,0,0,0,1,0%,0%,0,48
market failure diagram,0,0,0,1,0%,0%,0,48
market failure government intervention,0,0,0,1,0%,0%,0,48
meaning of government intervention,0,0,0,1,0%,0%,0,48
monopsony diagram a level economics edexcel,0,0,0,1,0%,0%,0,48
define normative statement,0,0,0,1,0%,0%,0,49
definition of government intervention,0,0,0,1,0%,0%,0,49
economics aqa a level,0,0,0,1,0%,0%,0,49
market failure and government intervention,0,0,0,1,0%,0%,0,49
edexcel economic a level,0,0,0,1,0%,0%,0,50
government regulation economics,0,0,0,1,0%,0%,0,50
market failure and externalities,0,0,0,1,0%,0%,0,50
normative economic statement example,0,0,0,1,0%,0%,0,50
economic as a discipline,0,0,0,1,0%,0%,0,51
gcse economics notes,0,0,1,1,0%,0%,58,51
positive and normative statements examples,0,0,0,1,0%,0%,0,51
division of labour leads to,0,0,0,1,0%,0%,0,52
economic output gap,0,0,0,1,0%,0%,0,52
rationalisation economics,0,0,0,1,0%,0%,0,52
normative and positive statement,0,0,0,1,0%,0%,0,53
edexcel economics a,0,0,0,1,0%,0%,0,54
gov intervention,0,0,1,1,0%,0%,28,54
government failure occurs when,0,0,0,1,0%,0%,0,54
positive and normative economics,0,0,1,1,0%,0%,56,54
a normative statement,0,0,0,1,0%,0%,0,55
ad as diagram economics,0,0,0,1,0%,0%,0,55
all microeconomics graphs,0,0,1,1,0%,0%,43,55
cost and revenue diagrams,0,0,0,1,0%,0%,0,55
economics as a discipline,0,0,0,1,0%,0%,0,56
micro econ graphs,0,0,1,1,0%,0%,45,56
normative statement example,0,0,1,1,0%,0%,54,56
normative statements definition,0,0,0,1,0%,0%,0,56
economics rational choice theory,0,0,0,1,0%,0%,0,58
normative statement economics definition,0,0,0,1,0%,0%,0,58
positive normative,0,0,0,1,0%,0%,0,60
the output gap,0,0,0,1,0%,0%,0,61
inflationary gap graph,0,0,1,1,0%,0%,38,63
labor market graph microeconomics,0,0,0,1,0%,0%,0,63
example market failure,0,0,0,1,0%,0%,0,64
gcse economics revision,0,0,1,1,0%,0%,60,64
economics graphs explained,0,0,0,1,0%,0%,0,65