board,module,topic_code,notes_url,practice_url,pastpaper_url,flashcard_url,confidence,evidence
aqa,AQA Macroeconomics,2.1.1,/revision-notes/aqa-a2-macro/2-1-1-the-objectives-of-government-economic-policy.html,/practice-questions/aqa-a2-macro/2-1-1-the-objectives-of-government-economic-policy.html,,/flashcards/aqa/macro/,high,practice: identical filename; notes spec-alert declares AQA unit 2.1.1; practice declares data-board=aqa data-spec=2.1.1
aqa,AQA Macroeconomics,2.1.2,/revision-notes/aqa-a2-macro/2-1-2-macroeconomic-indicators.html,/practice-questions/aqa-a2-macro/2-1-2-macroeconomic-indicators.html,/past-paper-questions/aqa/2-1-2-macroeconomic-indicators/,/flashcards/aqa/macro/,high,ppq: dir+taxonomy+notesDir agree; practice: identical filename; notes spec-alert declares AQA unit 2.1.2; practice declares data-board=aqa data-spec=2.1.2
aqa,AQA Macroeconomics,2.1.3,/revision-notes/aqa-a2-macro/2-1-3-uses-of-index-numbers.html,/practice-questions/aqa-a2-macro/2-1-3-uses-of-index-numbers.html,,/flashcards/aqa/macro/,high,practice: identical filename; notes spec-alert declares AQA unit 2.1.3; practice declares data-board=aqa data-spec=2.1.3
aqa,AQA Macroeconomics,2.1.4,/revision-notes/aqa-a2-macro/2-1-4-uses-of-national-income-data.html,/practice-questions/aqa-a2-macro/2-1-4-uses-of-national-income-data.html,/past-paper-questions/aqa/2-1-4-uses-of-national-income-data/,/flashcards/aqa/macro/,high,ppq: dir+taxonomy+notesDir agree; practice: identical filename; notes spec-alert declares AQA unit 2.1.4; practice declares data-board=aqa data-spec=2.1.4
aqa,AQA Macroeconomics,2.2.1,/revision-notes/aqa-a2-macro/2-2-1-the-circular-flow-of-income.html,/practice-questions/aqa-a2-macro/2-2-1-the-circular-flow-of-income.html,,/flashcards/aqa/macro/,high,practice: identical filename; notes spec-alert declares AQA unit 2.2.1; practice declares data-board=aqa data-spec=2.2.1
aqa,AQA Macroeconomics,2.2.2,/revision-notes/aqa-a2-macro/2-2-2-aggregate-demand-and-aggregate-supply-analysis.html,/practice-questions/aqa-a2-macro/2-2-2-aggregate-demand-and-aggregate-supply-analysis.html,,/flashcards/aqa/macro/,high,practice: identical filename; notes spec-alert declares AQA unit 2.2.2; practice declares data-board=aqa data-spec=2.2.2
aqa,AQA Macroeconomics,2.2.3,/revision-notes/aqa-a2-macro/2-2-3-the-determinants-of-aggregate-demand.html,/practice-questions/aqa-a2-macro/2-2-3-the-determinants-of-aggregate-demand.html,/past-paper-questions/aqa/2-2-3-the-determinants-of-aggregate-demand/,/flashcards/aqa/macro/,high,ppq: dir+taxonomy+notesDir agree; practice: identical filename; notes spec-alert declares AQA unit 2.2.3; practice declares data-board=aqa data-spec=2.2.3
aqa,AQA Macroeconomics,2.2.4,/revision-notes/aqa-a2-macro/2-2-4-aggregate-demand-and-the-level-of-economic-activity.html,/practice-questions/aqa-a2-macro/2-2-4-aggregate-demand-and-the-level-of-economic-activity.html,,/flashcards/aqa/macro/,high,practice: identical filename; notes spec-alert declares AQA unit 2.2.4; practice declares data-board=aqa data-spec=2.2.4
aqa,AQA Macroeconomics,2.2.5,/revision-notes/aqa-a2-macro/2-2-5-determinants-of-short-run-aggregate-supply.html,/practice-questions/aqa-a2-macro/2-2-5-determinants-of-short-run-aggregate-supply.html,,/flashcards/aqa/macro/,high,practice: identical filename; notes spec-alert declares AQA unit 2.2.5; practice declares data-board=aqa data-spec=2.2.5
aqa,AQA Macroeconomics,2.2.6,/revision-notes/aqa-a2-macro/2-2-6-determinants-of-long-run-aggregate-supply.html,/practice-questions/aqa-a2-macro/2-2-6-determinants-of-long-run-aggregate-supply.html,/past-paper-questions/aqa/2-2-6-determinants-of-long-run-aggregate-supply/,/flashcards/aqa/macro/,high,ppq: dir+taxonomy+notesDir agree; practice: identical filename; notes spec-alert declares AQA unit 2.2.6; practice declares data-board=aqa data-spec=2.2.6
aqa,AQA Macroeconomics,2.3.1,/revision-notes/aqa-a2-macro/2-3-1-economic-growth-and-the-economic-cycle.html,/practice-questions/aqa-a2-macro/2-3-1-economic-growth-and-the-economic-cycle.html,/past-paper-questions/aqa/2-3-1-economic-growth-and-the-economic-cycle/,/flashcards/aqa/macro/,high,ppq: dir+taxonomy+notesDir agree; practice: identical filename; notes spec-alert declares AQA unit 2.3.1; practice declares data-board=aqa data-spec=2.3.1
aqa,AQA Macroeconomics,2.3.2,/revision-notes/aqa-a2-macro/2-3-2-employment-and-unemployment.html,/practice-questions/aqa-a2-macro/2-3-2-employment-and-unemployment.html,/past-paper-questions/aqa/2-3-2-employment-and-unemployment/,/flashcards/aqa/macro/,high,ppq: dir+taxonomy+notesDir agree; practice: identical filename; notes spec-alert declares AQA unit 2.3.2; practice declares data-board=aqa data-spec=2.3.2
aqa,AQA Macroeconomics,2.3.3,/revision-notes/aqa-a2-macro/2-3-3-inflation-and-deflation.html,/practice-questions/aqa-a2-macro/2-3-3-inflation-and-deflation.html,/past-paper-questions/aqa/2-3-3-inflation-and-deflation/,/flashcards/aqa/macro/,high,ppq: dir+taxonomy+notesDir agree; practice: identical filename; notes spec-alert declares AQA unit 2.3.3; practice declares data-board=aqa data-spec=2.3.3
aqa,AQA Macroeconomics,2.3.4,/revision-notes/aqa-a2-macro/2-3-4-possible-conflicts-between-macroeconomic-policy-objectives.html,/practice-questions/aqa-a2-macro/2-3-4-possible-conflicts-between-macroeconomic-policy-objectives.html,/past-paper-questions/aqa/2-3-4-possible-conflicts-between-macroeconomic-policy-objectives/,/flashcards/aqa/macro/,high,ppq: dir+taxonomy+notesDir agree; practice: identical filename; notes spec-alert declares AQA unit 2.3.4; practice declares data-board=aqa data-spec=2.3.4
aqa,AQA Macroeconomics,2.4.1,/revision-notes/aqa-a2-macro/2-4-1-the-structure-of-financial-markets-and-financial-assets.html,/practice-questions/aqa-a2-macro/2-4-1-the-structure-of-financial-markets-and-financial-assets.html,,/flashcards/aqa/macro/,high,practice: identical filename; notes spec-alert declares AQA unit 2.4.1; practice declares data-board=aqa data-spec=2.4.1
aqa,AQA Macroeconomics,2.4.2,/revision-notes/aqa-a2-macro/2-4-2-commercial-banks-and-investment-banks.html,/practice-questions/aqa-a2-macro/2-4-2-commercial-banks-and-investment-banks.html,,/flashcards/aqa/macro/,high,practice: identical filename; notes spec-alert declares AQA unit 2.4.2; practice declares data-board=aqa data-spec=2.4.2
aqa,AQA Macroeconomics,2.4.3,/revision-notes/aqa-a2-macro/2-4-3-central-banks-and-monetary-policy.html,/practice-questions/aqa-a2-macro/2-4-3-central-banks-and-monetary-policy.html,/past-paper-questions/aqa/2-4-3-central-banks-and-monetary-policy/,/flashcards/aqa/macro/,high,ppq: dir+taxonomy+notesDir agree; practice: identical filename; notes spec-alert declares AQA unit 2.4.3; practice declares data-board=aqa data-spec=2.4.3
aqa,AQA Macroeconomics,2.4.4,/revision-notes/aqa-a2-macro/2-4-4-the-regulation-of-the-financial-system.html,/practice-questions/aqa-a2-macro/2-4-4-the-regulation-of-the-financial-system.html,,/flashcards/aqa/macro/,high,practice: identical filename; notes spec-alert declares AQA unit 2.4.4; practice declares data-board=aqa data-spec=2.4.4
aqa,AQA Macroeconomics,2.5.1,/revision-notes/aqa-a2-macro/2-5-1-fiscal-policy.html,/practice-questions/aqa-a2-macro/2-5-1-fiscal-policy.html,/past-paper-questions/aqa/2-5-1-fiscal-policy/,/flashcards/aqa/macro/,high,ppq: dir+taxonomy+notesDir agree; practice: identical filename; notes spec-alert declares AQA unit 2.5.1; practice declares data-board=aqa data-spec=2.5.1
aqa,AQA Macroeconomics,2.5.2,/revision-notes/aqa-a2-macro/2-5-2-supply-side-policies.html,/practice-questions/aqa-a2-macro/2-5-2-supply-side-policies.html,/past-paper-questions/aqa/2-5-2-supply-side-policies/,/flashcards/aqa/macro/,high,ppq: dir+taxonomy+notesDir agree; practice: identical filename; notes spec-alert declares AQA unit 2.5.2; practice declares data-board=aqa data-spec=2.5.2
aqa,AQA Macroeconomics,2.6.1,/revision-notes/aqa-a2-macro/2-6-1-globalisation.html,/practice-questions/aqa-a2-macro/2-6-1-globalisation.html,/past-paper-questions/aqa/2-6-1-globalisation/,/flashcards/aqa/macro/,high,ppq: dir+taxonomy+notesDir agree; practice: identical filename; notes spec-alert declares AQA unit 2.6.1; practice declares data-board=aqa data-spec=2.6.1
aqa,AQA Macroeconomics,2.6.2,/revision-notes/aqa-a2-macro/2-6-2-trade.html,/practice-questions/aqa-a2-macro/2-6-2-trade.html,/past-paper-questions/aqa/2-6-2-trade/,/flashcards/aqa/macro/,high,ppq: dir+taxonomy+notesDir agree; practice: identical filename; notes spec-alert declares AQA unit 2.6.2; practice declares data-board=aqa data-spec=2.6.2
aqa,AQA Macroeconomics,2.6.3,/revision-notes/aqa-a2-macro/2-6-3-the-balance-of-payments.html,/practice-questions/aqa-a2-macro/2-6-3-the-balance-of-payments.html,/past-paper-questions/aqa/2-6-3-the-balance-of-payments/,/flashcards/aqa/macro/,high,ppq: dir+taxonomy+notesDir agree; practice: identical filename; notes spec-alert declares AQA unit 2.6.3; practice declares data-board=aqa data-spec=2.6.3
aqa,AQA Macroeconomics,2.6.4,/revision-notes/aqa-a2-macro/2-6-4-exchange-rate-systems.html,/practice-questions/aqa-a2-macro/2-6-4-exchange-rate-systems.html,/past-paper-questions/aqa/2-6-4-exchange-rate-systems/,/flashcards/aqa/macro/,high,ppq: dir+taxonomy+notesDir agree; practice: identical filename; notes spec-alert declares AQA unit 2.6.4; practice declares data-board=aqa data-spec=2.6.4
aqa,AQA Macroeconomics,2.6.5,/revision-notes/aqa-a2-macro/2-6-5-economic-growth-and-development.html,/practice-questions/aqa-a2-macro/2-6-5-economic-growth-and-development.html,/past-paper-questions/aqa/2-6-5-economic-growth-and-development/,/flashcards/aqa/macro/,high,ppq: dir+taxonomy+notesDir agree; practice: identical filename; notes spec-alert declares AQA unit 2.6.5; practice declares data-board=aqa data-spec=2.6.5
aqa,AQA Microeconomics,1.1.1,/revision-notes/aqa-a2-micro/1-1-1-economic-methodology.html,/practice-questions/aqa-a2-micro/1-1-1-economic-methodology.html,,/flashcards/aqa/micro/,high,practice: identical filename; notes spec-alert declares AQA unit 1.1.1; practice declares data-board=aqa data-spec=1.1.1
aqa,AQA Microeconomics,1.1.2,/revision-notes/aqa-a2-micro/1-1-2-the-nature-and-purpose-of-economic-activity.html,/practice-questions/aqa-a2-micro/1-1-2-the-nature-and-purpose-of-economic-activity.html,,/flashcards/aqa/micro/,high,practice: identical filename; notes spec-alert declares AQA unit 1.1.2; practice declares data-board=aqa data-spec=1.1.2
aqa,AQA Microeconomics,1.1.3,/revision-notes/aqa-a2-micro/1-1-3-economic-resources.html,/practice-questions/aqa-a2-micro/1-1-3-economic-resources.html,,/flashcards/aqa/micro/,high,practice: identical filename; notes spec-alert declares AQA unit 1.1.3; practice declares data-board=aqa data-spec=1.1.3
aqa,AQA Microeconomics,1.1.4,/revision-notes/aqa-a2-micro/1-1-4-scarcity-choice-and-the-allocation-of-resources.html,/practice-questions/aqa-a2-micro/1-1-4-scarcity-choice-and-the-allocation-of-resources.html,,/flashcards/aqa/micro/,high,practice: identical filename; notes spec-alert declares AQA unit 1.1.4; practice declares data-board=aqa data-spec=1.1.4
aqa,AQA Microeconomics,1.1.5,/revision-notes/aqa-a2-micro/1-1-5-production-possibility-diagrams.html,/practice-questions/aqa-a2-micro/1-1-5-production-possibility-diagrams.html,,/flashcards/aqa/micro/,high,practice: identical filename; notes spec-alert declares AQA unit 1.1.5; practice declares data-board=aqa data-spec=1.1.5
aqa,AQA Microeconomics,1.2.1,/revision-notes/aqa-a2-micro/1-2-1-consumer-behaviour.html,/practice-questions/aqa-a2-micro/1-2-1-consumer-behaviour.html,,/flashcards/aqa/micro/,high,practice: identical filename; notes spec-alert declares AQA unit 1.2.1; practice declares data-board=aqa data-spec=1.2.1
aqa,AQA Microeconomics,1.2.2,/revision-notes/aqa-a2-micro/1-2-2-imperfect-information.html,/practice-questions/aqa-a2-micro/1-2-2-imperfect-information.html,,/flashcards/aqa/micro/,high,practice: identical filename; notes spec-alert declares AQA unit 1.2.2; practice declares data-board=aqa data-spec=1.2.2
aqa,AQA Microeconomics,1.2.3,/revision-notes/aqa-a2-micro/1-2-3-aspects-of-behavioural-economic-theory.html,/practice-questions/aqa-a2-micro/1-2-3-aspects-of-behavioural-economic-theory.html,,/flashcards/aqa/micro/,high,practice: identical filename; notes spec-alert declares AQA unit 1.2.3; practice declares data-board=aqa data-spec=1.2.3
aqa,AQA Microeconomics,1.2.4,/revision-notes/aqa-a2-micro/1-2-4-behavioural-economics-and-economic-policy.html,/practice-questions/aqa-a2-micro/1-2-4-behavioural-economics-and-economic-policy.html,,/flashcards/aqa/micro/,high,practice: identical filename; notes spec-alert declares AQA unit 1.2.4; practice declares data-board=aqa data-spec=1.2.4
aqa,AQA Microeconomics,1.3.1,/revision-notes/aqa-a2-micro/1-3-1-the-determinants-of-the-demand-for-goods-and-services.html,/practice-questions/aqa-a2-micro/1-3-1-the-determinants-of-the-demand-for-goods-and-services.html,/past-paper-questions/aqa/1-3-1-the-determinants-of-the-demand-for-goods-and-services/,/flashcards/aqa/micro/,high,ppq: dir+taxonomy+notesDir agree; practice: identical filename; notes spec-alert declares AQA unit 1.3.1; practice declares data-board=aqa data-spec=1.3.1
aqa,AQA Microeconomics,1.3.2,/revision-notes/aqa-a2-micro/1-3-2-price-income-and-cross-elasticities-of-demand.html,/practice-questions/aqa-a2-micro/1-3-2-price-income-and-cross-elasticities-of-demand.html,,/flashcards/aqa/micro/,high,practice: identical filename; notes spec-alert declares AQA unit 1.3.2; practice declares data-board=aqa data-spec=1.3.2
aqa,AQA Microeconomics,1.3.3,/revision-notes/aqa-a2-micro/1-3-3-the-determinants-of-the-supply-of-goods-and-services.html,/practice-questions/aqa-a2-micro/1-3-3-the-determinants-of-the-supply-of-goods-and-services.html,,/flashcards/aqa/micro/,high,practice: identical filename; notes spec-alert declares AQA unit 1.3.3; practice declares data-board=aqa data-spec=1.3.3
aqa,AQA Microeconomics,1.3.4,/revision-notes/aqa-a2-micro/1-3-4-price-elasticity-of-supply.html,/practice-questions/aqa-a2-micro/1-3-4-price-elasticity-of-supply.html,,/flashcards/aqa/micro/,high,practice: identical filename; notes spec-alert declares AQA unit 1.3.4; practice declares data-board=aqa data-spec=1.3.4
aqa,AQA Microeconomics,1.3.5,/revision-notes/aqa-a2-micro/1-3-5-the-determination-of-equilibrium-market-prices.html,/practice-questions/aqa-a2-micro/1-3-5-the-determination-of-equilibrium-market-prices.html,/past-paper-questions/aqa/1-3-5-the-determination-of-equilibrium-market-prices/,/flashcards/aqa/micro/,high,ppq: dir+taxonomy+notesDir agree; practice: identical filename; notes spec-alert declares AQA unit 1.3.5; practice declares data-board=aqa data-spec=1.3.5
aqa,AQA Microeconomics,1.3.6,/revision-notes/aqa-a2-micro/1-3-6-the-interrelationship-between-markets.html,/practice-questions/aqa-a2-micro/1-3-6-the-interrelationship-between-markets.html,,/flashcards/aqa/micro/,high,practice: identical filename; notes spec-alert declares AQA unit 1.3.6; practice declares data-board=aqa data-spec=1.3.6
aqa,AQA Microeconomics,1.4.1,/revision-notes/aqa-a2-micro/1-4-1-production-and-productivity.html,/practice-questions/aqa-a2-micro/1-4-1-production-and-productivity.html,,/flashcards/aqa/micro/,high,practice: identical filename; notes spec-alert declares AQA unit 1.4.1; practice declares data-board=aqa data-spec=1.4.1
aqa,AQA Microeconomics,1.4.2,/revision-notes/aqa-a2-micro/1-4-2-specialisation-division-of-labour-and-exchange.html,/practice-questions/aqa-a2-micro/1-4-2-specialisation-division-of-labour-and-exchange.html,,/flashcards/aqa/micro/,high,practice: identical filename; notes spec-alert declares AQA unit 1.4.2; practice declares data-board=aqa data-spec=1.4.2
aqa,AQA Microeconomics,1.4.3,/revision-notes/aqa-a2-micro/1-4-3-the-law-of-diminishing-returns-and-returns-to-scale.html,/practice-questions/aqa-a2-micro/1-4-3-the-law-of-diminishing-returns-and-returns-to-scale.html,,/flashcards/aqa/micro/,high,practice: identical filename; notes spec-alert declares AQA unit 1.4.3; practice declares data-board=aqa data-spec=1.4.3
aqa,AQA Microeconomics,1.4.4,/revision-notes/aqa-a2-micro/1-4-4-costs-of-production.html,/practice-questions/aqa-a2-micro/1-4-4-costs-of-production.html,,/flashcards/aqa/micro/,high,practice: identical filename; notes spec-alert declares AQA unit 1.4.4; practice declares data-board=aqa data-spec=1.4.4
aqa,AQA Microeconomics,1.4.5,/revision-notes/aqa-a2-micro/1-4-5-economies-and-diseconomies-of-scale.html,/practice-questions/aqa-a2-micro/1-4-5-economies-and-diseconomies-of-scale.html,,/flashcards/aqa/micro/,high,practice: identical filename; notes spec-alert declares AQA unit 1.4.5; practice declares data-board=aqa data-spec=1.4.5
aqa,AQA Microeconomics,1.4.6,/revision-notes/aqa-a2-micro/1-4-6-marginal-average-and-total-revenue.html,/practice-questions/aqa-a2-micro/1-4-6-marginal-average-and-total-revenue.html,,/flashcards/aqa/micro/,high,practice: identical filename; notes spec-alert declares AQA unit 1.4.6; practice declares data-board=aqa data-spec=1.4.6
aqa,AQA Microeconomics,1.4.7,/revision-notes/aqa-a2-micro/1-4-7-profit.html,/practice-questions/aqa-a2-micro/1-4-7-profit.html,/past-paper-questions/aqa/1-4-7-profit/,/flashcards/aqa/micro/,high,ppq: dir+taxonomy+notesDir agree; practice: identical filename; notes spec-alert declares AQA unit 1.4.7; practice declares data-board=aqa data-spec=1.4.7
aqa,AQA Microeconomics,1.4.8,/revision-notes/aqa-a2-micro/1-4-8-technological-change.html,/practice-questions/aqa-a2-micro/1-4-8-technological-change.html,/past-paper-questions/aqa/1-4-8-technological-change/,/flashcards/aqa/micro/,high,ppq: dir+taxonomy+notesDir agree; practice: identical filename; notes spec-alert declares AQA unit 1.4.8; practice declares data-board=aqa data-spec=1.4.8
aqa,AQA Microeconomics,1.5.1,/revision-notes/aqa-a2-micro/1-5-1-market-structures.html,/practice-questions/aqa-a2-micro/1-5-1-market-structures.html,,/flashcards/aqa/micro/,high,practice: identical filename; notes spec-alert declares AQA unit 1.5.1; practice declares data-board=aqa data-spec=1.5.1
aqa,AQA Microeconomics,1.5.10,/revision-notes/aqa-a2-micro/1-5-10-market-structure-efficiency-resource-allocation.html,/practice-questions/aqa-a2-micro/1-5-10-market-structure-efficiency-resource-allocation.html,/past-paper-questions/aqa/1-5-10-market-structure-efficiency-resource-allocation/,/flashcards/aqa/micro/,high,ppq: dir+taxonomy+notesDir agree; practice: identical filename; notes spec-alert declares AQA unit 1.5.10; practice declares data-board=aqa data-spec=1.5.10
aqa,AQA Microeconomics,1.5.11,/revision-notes/aqa-a2-micro/1-5-11-consumer-and-producer-surplus.html,/practice-questions/aqa-a2-micro/1-5-11-consumer-and-producer-surplus.html,,/flashcards/aqa/micro/,high,practice: identical filename; notes spec-alert declares AQA unit 1.5.11; practice declares data-board=aqa data-spec=1.5.11
aqa,AQA Microeconomics,1.5.2,/revision-notes/aqa-a2-micro/1-5-2-the-objectives-of-firms.html,/practice-questions/aqa-a2-micro/1-5-2-the-objectives-of-firms.html,,/flashcards/aqa/micro/,high,practice: identical filename; notes spec-alert declares AQA unit 1.5.2; practice declares data-board=aqa data-spec=1.5.2
aqa,AQA Microeconomics,1.5.3,/revision-notes/aqa-a2-micro/1-5-3-perfect-competition.html,/practice-questions/aqa-a2-micro/1-5-3-perfect-competition.html,,/flashcards/aqa/micro/,high,practice: identical filename; notes spec-alert declares AQA unit 1.5.3; practice declares data-board=aqa data-spec=1.5.3
aqa,AQA Microeconomics,1.5.4,/revision-notes/aqa-a2-micro/1-5-4-monopolistic-competition.html,/practice-questions/aqa-a2-micro/1-5-4-monopolistic-competition.html,,/flashcards/aqa/micro/,high,practice: identical filename; notes spec-alert declares AQA unit 1.5.4; practice declares data-board=aqa data-spec=1.5.4
aqa,AQA Microeconomics,1.5.5,/revision-notes/aqa-a2-micro/1-5-5-oligopoly.html,/practice-questions/aqa-a2-micro/1-5-5-oligopoly.html,/past-paper-questions/aqa/1-5-5-oligopoly/,/flashcards/aqa/micro/,high,ppq: dir+taxonomy+notesDir agree; practice: identical filename; notes spec-alert declares AQA unit 1.5.5; practice declares data-board=aqa data-spec=1.5.5
aqa,AQA Microeconomics,1.5.6,/revision-notes/aqa-a2-micro/1-5-6-monopoly-and-monopoly-power.html,/practice-questions/aqa-a2-micro/1-5-6-monopoly-and-monopoly-power.html,/past-paper-questions/aqa/1-5-6-monopoly-and-monopoly-power/,/flashcards/aqa/micro/,high,ppq: dir+taxonomy+notesDir agree; practice: identical filename; notes spec-alert declares AQA unit 1.5.6; practice declares data-board=aqa data-spec=1.5.6
aqa,AQA Microeconomics,1.5.7,/revision-notes/aqa-a2-micro/1-5-7-price-discrimination.html,/practice-questions/aqa-a2-micro/1-5-7-price-discrimination.html,,/flashcards/aqa/micro/,high,practice: identical filename; notes spec-alert declares AQA unit 1.5.7; practice declares data-board=aqa data-spec=1.5.7
aqa,AQA Microeconomics,1.5.8,/revision-notes/aqa-a2-micro/1-5-8-the-dynamics-of-competition-and-competitive-market-processes.html,/practice-questions/aqa-a2-micro/1-5-8-the-dynamics-of-competition-and-competitive-market-processes.html,/past-paper-questions/aqa/1-5-8-the-dynamics-of-competition-and-competitive-market-processes/,/flashcards/aqa/micro/,high,ppq: dir+taxonomy+notesDir agree; practice: identical filename; notes spec-alert declares AQA unit 1.5.8; practice declares data-board=aqa data-spec=1.5.8
aqa,AQA Microeconomics,1.5.9,/revision-notes/aqa-a2-micro/1-5-9-contestable-and-non-contestable-markets.html,/practice-questions/aqa-a2-micro/1-5-9-contestable-and-non-contestable-markets.html,,/flashcards/aqa/micro/,high,practice: identical filename; notes spec-alert declares AQA unit 1.5.9; practice declares data-board=aqa data-spec=1.5.9
aqa,AQA Microeconomics,1.6.1,/revision-notes/aqa-a2-micro/1-6-1-the-demand-for-labour-marginal-productivity-theory.html,/practice-questions/aqa-a2-micro/1-6-1-the-demand-for-labour-marginal-productivity-theory.html,,/flashcards/aqa/micro/,high,practice: identical filename; notes spec-alert declares AQA unit 1.6.1; practice declares data-board=aqa data-spec=1.6.1
aqa,AQA Microeconomics,1.6.2,/revision-notes/aqa-a2-micro/1-6-2-influence-upon-the-supply-of-labour-to-different-markets.html,/practice-questions/aqa-a2-micro/1-6-2-influence-upon-the-supply-of-labour-to-different-markets.html,/past-paper-questions/aqa/1-6-2-influence-upon-the-supply-of-labour-to-different-markets/,/flashcards/aqa/micro/,high,ppq: dir+taxonomy+notesDir agree; practice: identical filename; notes spec-alert declares AQA unit 1.6.2; practice declares data-board=aqa data-spec=1.6.2
aqa,AQA Microeconomics,1.6.3,/revision-notes/aqa-a2-micro/1-6-3-wage-determination-perfectly-competitive-labour-markets.html,/practice-questions/aqa-a2-micro/1-6-3-wage-determination-perfectly-competitive-labour-markets.html,,/flashcards/aqa/micro/,high,practice: identical filename; notes spec-alert declares AQA unit 1.6.3; practice declares data-board=aqa data-spec=1.6.3
aqa,AQA Microeconomics,1.6.4,/revision-notes/aqa-a2-micro/1-6-4-wage-determination-imperfectly-competitive-labour-markets.html,/practice-questions/aqa-a2-micro/1-6-4-wage-determination-imperfectly-competitive-labour-markets.html,,/flashcards/aqa/micro/,high,practice: identical filename; notes spec-alert declares AQA unit 1.6.4; practice declares data-board=aqa data-spec=1.6.4
aqa,AQA Microeconomics,1.6.5,/revision-notes/aqa-a2-micro/1-6-5-the-influence-of-trade-unions-in-determining-wages-and-levels-of-employment.html,/practice-questions/aqa-a2-micro/1-6-5-the-influence-of-trade-unions-in-determining-wages-and-levels-of-employment.html,/past-paper-questions/aqa/1-6-5-the-influence-of-trade-unions-in-determining-wages-and-levels-of-employment/,/flashcards/aqa/micro/,high,ppq: dir+taxonomy+notesDir agree; practice: identical filename; notes spec-alert declares AQA unit 1.6.5; practice declares data-board=aqa data-spec=1.6.5
aqa,AQA Microeconomics,1.6.6,/revision-notes/aqa-a2-micro/1-6-6-the-national-minimum-wage.html,/practice-questions/aqa-a2-micro/1-6-6-the-national-minimum-wage.html,,/flashcards/aqa/micro/,high,practice: identical filename; notes spec-alert declares AQA unit 1.6.6; practice declares data-board=aqa data-spec=1.6.6
aqa,AQA Microeconomics,1.6.7,/revision-notes/aqa-a2-micro/1-6-7-discrimination-in-the-labour-market.html,/practice-questions/aqa-a2-micro/1-6-7-discrimination-in-the-labour-market.html,/past-paper-questions/aqa/1-6-7-discrimination-in-the-labour-market/,/flashcards/aqa/micro/,high,ppq: dir+taxonomy+notesDir agree; practice: identical filename; notes spec-alert declares AQA unit 1.6.7; practice declares data-board=aqa data-spec=1.6.7
aqa,AQA Microeconomics,1.7.1,/revision-notes/aqa-a2-micro/1-7-1-the-distribution-of-income-and-wealth.html,/practice-questions/aqa-a2-micro/1-7-1-the-distribution-of-income-and-wealth.html,/past-paper-questions/aqa/1-7-1-the-distribution-of-income-and-wealth/,/flashcards/aqa/micro/,high,ppq: dir+taxonomy+notesDir agree; practice: identical filename; notes spec-alert declares AQA unit 1.7.1; practice declares data-board=aqa data-spec=1.7.1
aqa,AQA Microeconomics,1.7.2,/revision-notes/aqa-a2-micro/1-7-2-the-problem-of-poverty.html,/practice-questions/aqa-a2-micro/1-7-2-the-problem-of-poverty.html,/past-paper-questions/aqa/1-7-2-the-problem-of-poverty/,/flashcards/aqa/micro/,high,ppq: dir+taxonomy+notesDir agree; practice: identical filename; notes spec-alert declares AQA unit 1.7.2; practice declares data-board=aqa data-spec=1.7.2
aqa,AQA Microeconomics,1.7.3,/revision-notes/aqa-a2-micro/1-7-3-government-policies-poverty-income-distribution.html,/practice-questions/aqa-a2-micro/1-7-3-government-policies-poverty-income-distribution.html,/past-paper-questions/aqa/1-7-3-government-policies-poverty-income-distribution/,/flashcards/aqa/micro/,high,ppq: dir+taxonomy+notesDir agree; practice: identical filename; notes spec-alert declares AQA unit 1.7.3; practice declares data-board=aqa data-spec=1.7.3
aqa,AQA Microeconomics,1.8.1,/revision-notes/aqa-a2-micro/1-8-1-how-markets-and-prices-allocate-resources.html,/practice-questions/aqa-a2-micro/1-8-1-how-markets-and-prices-allocate-resources.html,,/flashcards/aqa/micro/,high,practice: identical filename; notes spec-alert declares AQA unit 1.8.1; practice declares data-board=aqa data-spec=1.8.1
aqa,AQA Microeconomics,1.8.10,/revision-notes/aqa-a2-micro/1-8-10-government-failure.html,/practice-questions/aqa-a2-micro/1-8-10-government-failure.html,,/flashcards/aqa/micro/,high,practice: identical filename; notes spec-alert declares AQA unit 1.8.10; practice declares data-board=aqa data-spec=1.8.10
aqa,AQA Microeconomics,1.8.2,/revision-notes/aqa-a2-micro/1-8-2-the-meaning-of-market-failure.html,/practice-questions/aqa-a2-micro/1-8-2-the-meaning-of-market-failure.html,,/flashcards/aqa/micro/,high,practice: identical filename; notes spec-alert declares AQA unit 1.8.2; practice declares data-board=aqa data-spec=1.8.2
aqa,AQA Microeconomics,1.8.3,/revision-notes/aqa-a2-micro/1-8-3-public-goods-private-goods-and-quasi-public-goods.html,/practice-questions/aqa-a2-micro/1-8-3-public-goods-private-goods-and-quasi-public-goods.html,,/flashcards/aqa/micro/,high,practice: identical filename; notes spec-alert declares AQA unit 1.8.3; practice declares data-board=aqa data-spec=1.8.3
aqa,AQA Microeconomics,1.8.4,/revision-notes/aqa-a2-micro/1-8-4-positive-and-negative-externalities-in-consumption-and-production.html,/practice-questions/aqa-a2-micro/1-8-4-positive-and-negative-externalities-in-consumption-and-production.html,/past-paper-questions/aqa/1-8-4-positive-and-negative-externalities-in-consumption-and-production/,/flashcards/aqa/micro/,high,ppq: dir+taxonomy+notesDir agree; practice: identical filename; notes spec-alert declares AQA unit 1.8.4; practice declares data-board=aqa data-spec=1.8.4
aqa,AQA Microeconomics,1.8.5,/revision-notes/aqa-a2-micro/1-8-5-merit-and-demerit-goods.html,/practice-questions/aqa-a2-micro/1-8-5-merit-and-demerit-goods.html,,/flashcards/aqa/micro/,high,practice: identical filename; notes spec-alert declares AQA unit 1.8.5; practice declares data-board=aqa data-spec=1.8.5
aqa,AQA Microeconomics,1.8.6,/revision-notes/aqa-a2-micro/1-8-6-market-imperfections.html,/practice-questions/aqa-a2-micro/1-8-6-market-imperfections.html,,/flashcards/aqa/micro/,high,practice: identical filename; notes spec-alert declares AQA unit 1.8.6; practice declares data-board=aqa data-spec=1.8.6
aqa,AQA Microeconomics,1.8.7,/revision-notes/aqa-a2-micro/1-8-7-competition-policy.html,/practice-questions/aqa-a2-micro/1-8-7-competition-policy.html,/past-paper-questions/aqa/1-8-7-competition-policy/,/flashcards/aqa/micro/,high,ppq: dir+taxonomy+notesDir agree; practice: identical filename; notes spec-alert declares AQA unit 1.8.7; practice declares data-board=aqa data-spec=1.8.7
aqa,AQA Microeconomics,1.8.8,/revision-notes/aqa-a2-micro/1-8-8-public-ownership-privatisation-regulation-and-deregulation-of-markets.html,/practice-questions/aqa-a2-micro/1-8-8-public-ownership-privatisation-regulation-and-deregulation-of-markets.html,/past-paper-questions/aqa/1-8-8-public-ownership-privatisation-regulation-and-deregulation-of-markets/,/flashcards/aqa/micro/,high,ppq: dir+taxonomy+notesDir agree; practice: identical filename; notes spec-alert declares AQA unit 1.8.8; practice declares data-board=aqa data-spec=1.8.8
aqa,AQA Microeconomics,1.8.9,/revision-notes/aqa-a2-micro/1-8-9-government-intervention-in-markets.html,/practice-questions/aqa-a2-micro/1-8-9-government-intervention-in-markets.html,/past-paper-questions/aqa/1-8-9-government-intervention-in-markets/,/flashcards/aqa/micro/,high,ppq: dir+taxonomy+notesDir agree; practice: identical filename; notes spec-alert declares AQA unit 1.8.9; practice declares data-board=aqa data-spec=1.8.9
edexcel,Edexcel Theme 1,1.1.1,/revision-notes/edexcel-theme-1/1-1-1-economics-as-a-social-science.html,/practice-questions/edexcel-theme-1/1-1-1-economics-as-a-social-science.html,,/flashcards/edexcel-a/theme-1/,high,practice: identical filename; notes spec-alert declares Edexcel unit 1.1.1; practice declares data-board=edexcel data-spec=1.1.1
edexcel,Edexcel Theme 1,1.1.2,/revision-notes/edexcel-theme-1/1-1-2-positive-normative-statements.html,/practice-questions/edexcel-theme-1/1-1-2-positive-normative-statements.html,,/flashcards/edexcel-a/theme-1/,high,practice: identical filename; notes spec-alert declares Edexcel unit 1.1.2; practice declares data-board=edexcel data-spec=1.1.2
edexcel,Edexcel Theme 1,1.1.3,/revision-notes/edexcel-theme-1/1-1-3-the-economic-problem.html,/practice-questions/edexcel-theme-1/1-1-3-the-economic-problem.html,/past-paper-questions/edexcel/1-1-3-the-economic-problem/,/flashcards/edexcel-a/theme-1/,high,ppq: dir+taxonomy+notesDir agree; practice: identical filename; notes spec-alert declares Edexcel unit 1.1.3; practice declares data-board=edexcel data-spec=1.1.3
edexcel,Edexcel Theme 1,1.1.4,/revision-notes/edexcel-theme-1/1-1-4-production-possibility-frontiers.html,/practice-questions/edexcel-theme-1/1-1-4-production-possibility-frontiers.html,,/flashcards/edexcel-a/theme-1/,high,practice: identical filename; notes spec-alert declares Edexcel unit 1.1.4; practice declares data-board=edexcel data-spec=1.1.4
edexcel,Edexcel Theme 1,1.1.5,/revision-notes/edexcel-theme-1/1-1-5-specialisation-division-of-labour.html,/practice-questions/edexcel-theme-1/1-1-5-specialisation-division-of-labour.html,,/flashcards/edexcel-a/theme-1/,high,practice: identical filename; notes spec-alert declares Edexcel unit 1.1.5; practice declares data-board=edexcel data-spec=1.1.5
edexcel,Edexcel Theme 1,1.1.6,/revision-notes/edexcel-theme-1/1-1-6-types-of-economies.html,/practice-questions/edexcel-theme-1/1-1-6-types-of-economies.html,/past-paper-questions/edexcel/1-1-6-types-of-economies/,/flashcards/edexcel-a/theme-1/,high,ppq: dir+taxonomy+notesDir agree; practice: identical filename; notes spec-alert declares Edexcel unit 1.1.6; practice declares data-board=edexcel data-spec=1.1.6
edexcel,Edexcel Theme 1,1.2.1,/revision-notes/edexcel-theme-1/1-2-1-rational-decision-making.html,/practice-questions/edexcel-theme-1/1-2-1-rational-decision-making.html,/past-paper-questions/edexcel/1-2-1-rational-decision-making/,/flashcards/edexcel-a/theme-1/,high,ppq: dir+taxonomy+notesDir agree; practice: identical filename; notes spec-alert declares Edexcel unit 1.2.1; practice declares data-board=edexcel data-spec=1.2.1
edexcel,Edexcel Theme 1,1.2.10,/revision-notes/edexcel-theme-1/1-2-10-alternative-views-of-consumer-behaviour.html,/practice-questions/edexcel-theme-1/1-2-10-alternative-views-of-consumer-behaviour.html,/past-paper-questions/edexcel/1-2-10-alternative-views-of-consumer-behaviour/,/flashcards/edexcel-a/theme-1/,high,ppq: dir+taxonomy+notesDir agree; practice: identical filename; notes spec-alert declares Edexcel unit 1.2.10; practice declares data-board=edexcel data-spec=1.2.10
edexcel,Edexcel Theme 1,1.2.2,/revision-notes/edexcel-theme-1/1-2-2-demand.html,/practice-questions/edexcel-theme-1/1-2-2-demand.html,/past-paper-questions/edexcel/1-2-2-demand/,/flashcards/edexcel-a/theme-1/,high,ppq: dir+taxonomy+notesDir agree; practice: identical filename; notes spec-alert declares Edexcel unit 1.2.2; practice declares data-board=edexcel data-spec=1.2.2
edexcel,Edexcel Theme 1,1.2.3,/revision-notes/edexcel-theme-1/1-2-3-price-income-cross-elasticities-of-demand.html,/practice-questions/edexcel-theme-1/1-2-3-price-income-cross-elasticities-of-demand.html,/past-paper-questions/edexcel/1-2-3-price-income-cross-elasticities-of-demand/,/flashcards/edexcel-a/theme-1/,high,ppq: dir+taxonomy+notesDir agree; practice: identical filename; notes spec-alert declares Edexcel unit 1.2.3; practice declares data-board=edexcel data-spec=1.2.3
edexcel,Edexcel Theme 1,1.2.4,/revision-notes/edexcel-theme-1/1-2-4-supply.html,/practice-questions/edexcel-theme-1/1-2-4-supply.html,,/flashcards/edexcel-a/theme-1/,high,practice: identical filename; notes spec-alert declares Edexcel unit 1.2.4; practice declares data-board=edexcel data-spec=1.2.4
edexcel,Edexcel Theme 1,1.2.5,/revision-notes/edexcel-theme-1/1-2-5-price-elasticity-of-supply.html,/practice-questions/edexcel-theme-1/1-2-5-price-elasticity-of-supply.html,/past-paper-questions/edexcel/1-2-5-price-elasticity-of-supply/,/flashcards/edexcel-a/theme-1/,high,ppq: dir+taxonomy+notesDir agree; practice: identical filename; notes spec-alert declares Edexcel unit 1.2.5; practice declares data-board=edexcel data-spec=1.2.5
edexcel,Edexcel Theme 1,1.2.6,/revision-notes/edexcel-theme-1/1-2-6-price-determination.html,/practice-questions/edexcel-theme-1/1-2-6-price-determination.html,/past-paper-questions/edexcel/1-2-6-price-determination/,/flashcards/edexcel-a/theme-1/,high,ppq: dir+taxonomy+notesDir agree; practice: identical filename; notes spec-alert declares Edexcel unit 1.2.6; practice declares data-board=edexcel data-spec=1.2.6
edexcel,Edexcel Theme 1,1.2.7,/revision-notes/edexcel-theme-1/1-2-7-price-mechanism.html,/practice-questions/edexcel-theme-1/1-2-7-price-mechanism.html,,/flashcards/edexcel-a/theme-1/,high,practice: identical filename; notes spec-alert declares Edexcel unit 1.2.7; practice declares data-board=edexcel data-spec=1.2.7
edexcel,Edexcel Theme 1,1.2.8,/revision-notes/edexcel-theme-1/1-2-8-producer-consumer-surplus.html,/practice-questions/edexcel-theme-1/1-2-8-producer-consumer-surplus.html,,/flashcards/edexcel-a/theme-1/,high,practice: identical filename; notes spec-alert declares Edexcel unit 1.2.8; practice declares data-board=edexcel data-spec=1.2.8
edexcel,Edexcel Theme 1,1.2.9,/revision-notes/edexcel-theme-1/1-2-9-indirect-taxes-subsidies.html,/practice-questions/edexcel-theme-1/1-2-9-indirect-taxes-subsidies.html,/past-paper-questions/edexcel/1-2-9-indirect-taxes-subsidies/,/flashcards/edexcel-a/theme-1/,high,ppq: dir+taxonomy+notesDir agree; practice: identical filename; notes spec-alert declares Edexcel unit 1.2.9; practice declares data-board=edexcel data-spec=1.2.9
edexcel,Edexcel Theme 1,1.3.1,/revision-notes/edexcel-theme-1/1-3-1-types-of-market-failure.html,/practice-questions/edexcel-theme-1/1-3-1-types-of-market-failure.html,/past-paper-questions/edexcel/1-3-1-types-of-market-failure/,/flashcards/edexcel-a/theme-1/,high,ppq: dir+taxonomy+notesDir agree; practice: identical filename; notes spec-alert declares Edexcel unit 1.3.1; practice declares data-board=edexcel data-spec=1.3.1
edexcel,Edexcel Theme 1,1.3.2,/revision-notes/edexcel-theme-1/1-3-2-externalities.html,/practice-questions/edexcel-theme-1/1-3-2-externalities.html,/past-paper-questions/edexcel/1-3-2-externalities/,/flashcards/edexcel-a/theme-1/,high,ppq: dir+taxonomy+notesDir agree; practice: identical filename; notes spec-alert declares Edexcel unit 1.3.2; practice declares data-board=edexcel data-spec=1.3.2
edexcel,Edexcel Theme 1,1.3.3,/revision-notes/edexcel-theme-1/1-3-3-public-goods.html,/practice-questions/edexcel-theme-1/1-3-3-public-goods.html,,/flashcards/edexcel-a/theme-1/,high,practice: identical filename; notes spec-alert declares Edexcel unit 1.3.3; practice declares data-board=edexcel data-spec=1.3.3
edexcel,Edexcel Theme 1,1.3.4,/revision-notes/edexcel-theme-1/1-3-4-information-gaps.html,/practice-questions/edexcel-theme-1/1-3-4-information-gaps.html,/past-paper-questions/edexcel/1-3-4-information-gaps/,/flashcards/edexcel-a/theme-1/,high,ppq: dir+taxonomy+notesDir agree; practice: identical filename; notes spec-alert declares Edexcel unit 1.3.4; practice declares data-board=edexcel data-spec=1.3.4
edexcel,Edexcel Theme 1,1.4.1,/revision-notes/edexcel-theme-1/1-4-1-government-intervention-in-markets.html,/practice-questions/edexcel-theme-1/1-4-1-government-intervention-in-markets.html,/past-paper-questions/edexcel/1-4-1-government-intervention-in-markets/,/flashcards/edexcel-a/theme-1/,high,ppq: dir+taxonomy+notesDir agree; practice: identical filename; notes spec-alert declares Edexcel unit 1.4.1; practice declares data-board=edexcel data-spec=1.4.1
edexcel,Edexcel Theme 1,1.4.2,/revision-notes/edexcel-theme-1/1-4-2-government-failure.html,/practice-questions/edexcel-theme-1/1-4-2-government-failure.html,,/flashcards/edexcel-a/theme-1/,high,practice: identical filename; notes spec-alert declares Edexcel unit 1.4.2; practice declares data-board=edexcel data-spec=1.4.2
edexcel,Edexcel Theme 2,2.1.1,/revision-notes/edexcel-theme-2/2-1-1-economic-growth.html,/practice-questions/edexcel-theme-2/2-1-1-economic-growth.html,/past-paper-questions/edexcel/2-1-1-economic-growth/,/flashcards/edexcel-a/theme-2/,high,ppq: dir+taxonomy+notesDir agree; practice: identical filename; notes spec-alert declares Edexcel unit 2.1.1; practice declares data-board=edexcel data-spec=2.1.1
edexcel,Edexcel Theme 2,2.1.2,/revision-notes/edexcel-theme-2/2-1-2-inflation.html,/practice-questions/edexcel-theme-2/2-1-2-inflation.html,/past-paper-questions/edexcel/2-1-2-inflation/,/flashcards/edexcel-a/theme-2/,high,ppq: dir+taxonomy+notesDir agree; practice: identical filename; notes spec-alert declares Edexcel unit 2.1.2; practice declares data-board=edexcel data-spec=2.1.2
edexcel,Edexcel Theme 2,2.1.3,/revision-notes/edexcel-theme-2/2-1-3-employment-unemployment.html,/practice-questions/edexcel-theme-2/2-1-3-employment-unemployment.html,/past-paper-questions/edexcel/2-1-3-employment-unemployment/,/flashcards/edexcel-a/theme-2/,high,ppq: dir+taxonomy+notesDir agree; practice: identical filename; notes spec-alert declares Edexcel unit 2.1.3; practice declares data-board=edexcel data-spec=2.1.3
edexcel,Edexcel Theme 2,2.1.4,/revision-notes/edexcel-theme-2/2-1-4-balance-of-payments.html,/practice-questions/edexcel-theme-2/2-1-4-balance-of-payments.html,,/flashcards/edexcel-a/theme-2/,high,practice: identical filename; notes spec-alert declares Edexcel unit 2.1.4; practice declares data-board=edexcel data-spec=2.1.4
edexcel,Edexcel Theme 2,2.2.1,/revision-notes/edexcel-theme-2/2-2-1-aggregate-demand.html,/practice-questions/edexcel-theme-2/2-2-1-aggregate-demand.html,/past-paper-questions/edexcel/2-2-1-aggregate-demand/,/flashcards/edexcel-a/theme-2/,high,ppq: dir+taxonomy+notesDir agree; practice: identical filename; notes spec-alert declares Edexcel unit 2.2.1; practice declares data-board=edexcel data-spec=2.2.1
edexcel,Edexcel Theme 2,2.2.2,/revision-notes/edexcel-theme-2/2-2-2-consumption.html,/practice-questions/edexcel-theme-2/2-2-2-consumption.html,/past-paper-questions/edexcel/2-2-2-consumption/,/flashcards/edexcel-a/theme-2/,high,ppq: dir+taxonomy+notesDir agree; practice: identical filename; notes spec-alert declares Edexcel unit 2.2.2; practice declares data-board=edexcel data-spec=2.2.2
edexcel,Edexcel Theme 2,2.2.3,/revision-notes/edexcel-theme-2/2-2-3-investment.html,/practice-questions/edexcel-theme-2/2-2-3-investment.html,/past-paper-questions/edexcel/2-2-3-investment/,/flashcards/edexcel-a/theme-2/,high,ppq: dir+taxonomy+notesDir agree; practice: identical filename; notes spec-alert declares Edexcel unit 2.2.3; practice declares data-board=edexcel data-spec=2.2.3
edexcel,Edexcel Theme 2,2.2.4,/revision-notes/edexcel-theme-2/2-2-4-government-expenditure.html,/practice-questions/edexcel-theme-2/2-2-4-government-expenditure.html,/past-paper-questions/edexcel/2-2-4-government-expenditure/,/flashcards/edexcel-a/theme-2/,high,ppq: dir+taxonomy+notesDir agree; practice: identical filename; notes spec-alert declares Edexcel unit 2.2.4; practice declares data-board=edexcel data-spec=2.2.4
edexcel,Edexcel Theme 2,2.2.5,/revision-notes/edexcel-theme-2/2-2-5-net-trade.html,/practice-questions/edexcel-theme-2/2-2-5-net-trade.html,/past-paper-questions/edexcel/2-2-5-net-trade/,/flashcards/edexcel-a/theme-2/,high,ppq: dir+taxonomy+notesDir agree; practice: identical filename; notes spec-alert declares Edexcel unit 2.2.5; practice declares data-board=edexcel data-spec=2.2.5
edexcel,Edexcel Theme 2,2.3.1,/revision-notes/edexcel-theme-2/2-3-1-aggregate-supply.html,/practice-questions/edexcel-theme-2/2-3-1-aggregate-supply.html,,/flashcards/edexcel-a/theme-2/,high,practice: identical filename; notes spec-alert declares Edexcel unit 2.3.1; practice declares data-board=edexcel data-spec=2.3.1
edexcel,Edexcel Theme 2,2.3.2,/revision-notes/edexcel-theme-2/2-3-2-short-run-aggregate-supply.html,/practice-questions/edexcel-theme-2/2-3-2-short-run-aggregate-supply.html,,/flashcards/edexcel-a/theme-2/,high,practice: identical filename; notes spec-alert declares Edexcel unit 2.3.2; practice declares data-board=edexcel data-spec=2.3.2
edexcel,Edexcel Theme 2,2.3.3,/revision-notes/edexcel-theme-2/2-3-3-long-run-aggregate-supply.html,/practice-questions/edexcel-theme-2/2-3-3-long-run-aggregate-supply.html,,/flashcards/edexcel-a/theme-2/,high,practice: identical filename; notes spec-alert declares Edexcel unit 2.3.3; practice declares data-board=edexcel data-spec=2.3.3
edexcel,Edexcel Theme 2,2.4.1,/revision-notes/edexcel-theme-2/2-4-1-national-income.html,/practice-questions/edexcel-theme-2/2-4-1-national-income.html,,/flashcards/edexcel-a/theme-2/,high,practice: identical filename; notes spec-alert declares Edexcel unit 2.4.1; practice declares data-board=edexcel data-spec=2.4.1
edexcel,Edexcel Theme 2,2.4.2,/revision-notes/edexcel-theme-2/2-4-2-injections-withdrawals.html,/practice-questions/edexcel-theme-2/2-4-2-injections-withdrawals.html,,/flashcards/edexcel-a/theme-2/,high,practice: identical filename; notes spec-alert declares Edexcel unit 2.4.2; practice declares data-board=edexcel data-spec=2.4.2
edexcel,Edexcel Theme 2,2.4.3,/revision-notes/edexcel-theme-2/2-4-3-equilibrium-levels-of-real-national-output.html,/practice-questions/edexcel-theme-2/2-4-3-equilibrium-levels-of-real-national-output.html,,/flashcards/edexcel-a/theme-2/,high,practice: identical filename; notes spec-alert declares Edexcel unit 2.4.3; practice declares data-board=edexcel data-spec=2.4.3
edexcel,Edexcel Theme 2,2.4.4,/revision-notes/edexcel-theme-2/2-4-4-the-multiplier.html,/practice-questions/edexcel-theme-2/2-4-4-the-multiplier.html,,/flashcards/edexcel-a/theme-2/,high,practice: identical filename; notes spec-alert declares Edexcel unit 2.4.4; practice declares data-board=edexcel data-spec=2.4.4
edexcel,Edexcel Theme 2,2.5.1,/revision-notes/edexcel-theme-2/2-5-1-causes-of-growth.html,/practice-questions/edexcel-theme-2/2-5-1-causes-of-growth.html,/past-paper-questions/edexcel/2-5-1-causes-of-growth/,/flashcards/edexcel-a/theme-2/,high,ppq: dir+taxonomy+notesDir agree; practice: identical filename; notes spec-alert declares Edexcel unit 2.5.1; practice declares data-board=edexcel data-spec=2.5.1
edexcel,Edexcel Theme 2,2.5.2,/revision-notes/edexcel-theme-2/2-5-2-output-gaps.html,/practice-questions/edexcel-theme-2/2-5-2-output-gaps.html,,/flashcards/edexcel-a/theme-2/,high,practice: identical filename; notes spec-alert declares Edexcel unit 2.5.2; practice declares data-board=edexcel data-spec=2.5.2
edexcel,Edexcel Theme 2,2.5.3,/revision-notes/edexcel-theme-2/2-5-3-trade-cycle.html,/practice-questions/edexcel-theme-2/2-5-3-trade-cycle.html,,/flashcards/edexcel-a/theme-2/,high,practice: identical filename; notes spec-alert declares Edexcel unit 2.5.3; practice declares data-board=edexcel data-spec=2.5.3
edexcel,Edexcel Theme 2,2.5.4,/revision-notes/edexcel-theme-2/2-5-4-the-impact-of-economic-growth.html,/practice-questions/edexcel-theme-2/2-5-4-the-impact-of-economic-growth.html,,/flashcards/edexcel-a/theme-2/,high,practice: identical filename; notes spec-alert declares Edexcel unit 2.5.4; practice declares data-board=edexcel data-spec=2.5.4
edexcel,Edexcel Theme 2,2.6.1,/revision-notes/edexcel-theme-2/2-6-1-possible-macroeconomic-objectives.html,/practice-questions/edexcel-theme-2/2-6-1-possible-macroeconomic-objectives.html,,/flashcards/edexcel-a/theme-2/,high,practice: identical filename; notes spec-alert declares Edexcel unit 2.6.1; practice declares data-board=edexcel data-spec=2.6.1
edexcel,Edexcel Theme 2,2.6.2,/revision-notes/edexcel-theme-2/2-6-2-demand-side-policies.html,/practice-questions/edexcel-theme-2/2-6-2-demand-side-policies.html,/past-paper-questions/edexcel/2-6-2-demand-side-policies/,/flashcards/edexcel-a/theme-2/,high,ppq: dir+taxonomy+notesDir agree; practice: identical filename; notes spec-alert declares Edexcel unit 2.6.2; practice declares data-board=edexcel data-spec=2.6.2
edexcel,Edexcel Theme 2,2.6.3,/revision-notes/edexcel-theme-2/2-6-3-supply-side-policies.html,/practice-questions/edexcel-theme-2/2-6-3-supply-side-policies.html,/past-paper-questions/edexcel/2-6-3-supply-side-policies/,/flashcards/edexcel-a/theme-2/,high,ppq: dir+taxonomy+notesDir agree; practice: identical filename; notes spec-alert declares Edexcel unit 2.6.3; practice declares data-board=edexcel data-spec=2.6.3
edexcel,Edexcel Theme 2,2.6.4,/revision-notes/edexcel-theme-2/2-6-4-conflicts-between-objectives-and-policies.html,/practice-questions/edexcel-theme-2/2-6-4-conflicts-between-objectives-and-policies.html,/past-paper-questions/edexcel/2-6-4-conflicts-between-objectives-and-policies/,/flashcards/edexcel-a/theme-2/,high,ppq: dir+taxonomy+notesDir agree; practice: identical filename; notes spec-alert declares Edexcel unit 2.6.4; practice declares data-board=edexcel data-spec=2.6.4
edexcel,Edexcel Theme 3,3.1.1,/revision-notes/edexcel-theme-3/3-1-1-sizes-types-of-firms.html,/practice-questions/edexcel-theme-3/3-1-1-sizes-types-of-firms.html,,/flashcards/edexcel-a/theme-3/,high,practice: identical filename; notes spec-alert declares Edexcel unit 3.1.1; practice declares data-board=edexcel data-spec=3.1.1
edexcel,Edexcel Theme 3,3.1.2,/revision-notes/edexcel-theme-3/3-1-2-business-growth.html,/practice-questions/edexcel-theme-3/3-1-2-business-growth.html,/past-paper-questions/edexcel/3-1-2-business-growth/,/flashcards/edexcel-a/theme-3/,high,ppq: dir+taxonomy+notesDir agree; practice: identical filename; notes spec-alert declares Edexcel unit 3.1.2; practice declares data-board=edexcel data-spec=3.1.2
edexcel,Edexcel Theme 3,3.1.3,/revision-notes/edexcel-theme-3/3-1-3-demergers.html,/practice-questions/edexcel-theme-3/3-1-3-demergers.html,,/flashcards/edexcel-a/theme-3/,high,practice: identical filename; notes spec-alert declares Edexcel unit 3.1.3; practice declares data-board=edexcel data-spec=3.1.3
edexcel,Edexcel Theme 3,3.2.1,/revision-notes/edexcel-theme-3/3-2-1-business-objectives.html,/practice-questions/edexcel-theme-3/3-2-1-business-objectives.html,,/flashcards/edexcel-a/theme-3/,high,practice: identical filename; notes spec-alert declares Edexcel unit 3.2.1; practice declares data-board=edexcel data-spec=3.2.1
edexcel,Edexcel Theme 3,3.3.1,/revision-notes/edexcel-theme-3/3-3-1-revenue.html,/practice-questions/edexcel-theme-3/3-3-1-revenue.html,/past-paper-questions/edexcel/3-3-1-revenue/,/flashcards/edexcel-a/theme-3/,high,ppq: dir+taxonomy+notesDir agree; practice: identical filename; notes spec-alert declares Edexcel unit 3.3.1; practice declares data-board=edexcel data-spec=3.3.1
edexcel,Edexcel Theme 3,3.3.2,/revision-notes/edexcel-theme-3/3-3-2-costs.html,/practice-questions/edexcel-theme-3/3-3-2-costs.html,/past-paper-questions/edexcel/3-3-2-costs/,/flashcards/edexcel-a/theme-3/,high,ppq: dir+taxonomy+notesDir agree; practice: identical filename; notes spec-alert declares Edexcel unit 3.3.2; practice declares data-board=edexcel data-spec=3.3.2
edexcel,Edexcel Theme 3,3.3.3,/revision-notes/edexcel-theme-3/3-3-3-economies-diseconomies-of-scale.html,/practice-questions/edexcel-theme-3/3-3-3-economies-diseconomies-of-scale.html,,/flashcards/edexcel-a/theme-3/,high,practice: identical filename; notes spec-alert declares Edexcel unit 3.3.3; practice declares data-board=edexcel data-spec=3.3.3
edexcel,Edexcel Theme 3,3.3.4,/revision-notes/edexcel-theme-3/3-3-4-normal-profits-supernormal-profits-losses.html,/practice-questions/edexcel-theme-3/3-3-4-normal-profits-supernormal-profits-losses.html,/past-paper-questions/edexcel/3-3-4-normal-profits-supernormal-profits-losses/,/flashcards/edexcel-a/theme-3/,high,ppq: dir+taxonomy+notesDir agree; practice: identical filename; notes spec-alert declares Edexcel unit 3.3.4; practice declares data-board=edexcel data-spec=3.3.4
edexcel,Edexcel Theme 3,3.4.1,/revision-notes/edexcel-theme-3/3-4-1-efficiency.html,/practice-questions/edexcel-theme-3/3-4-1-efficiency.html,,/flashcards/edexcel-a/theme-3/,high,practice: identical filename; notes spec-alert declares Edexcel unit 3.4.1; practice declares data-board=edexcel data-spec=3.4.1
edexcel,Edexcel Theme 3,3.4.2,/revision-notes/edexcel-theme-3/3-4-2-perfect-competition.html,/practice-questions/edexcel-theme-3/3-4-2-perfect-competition.html,,/flashcards/edexcel-a/theme-3/,high,practice: identical filename; notes spec-alert declares Edexcel unit 3.4.2; practice declares data-board=edexcel data-spec=3.4.2
edexcel,Edexcel Theme 3,3.4.3,/revision-notes/edexcel-theme-3/3-4-3-monopolistic-competition.html,/practice-questions/edexcel-theme-3/3-4-3-monopolistic-competition.html,,/flashcards/edexcel-a/theme-3/,high,practice: identical filename; notes spec-alert declares Edexcel unit 3.4.3; practice declares data-board=edexcel data-spec=3.4.3
edexcel,Edexcel Theme 3,3.4.4,/revision-notes/edexcel-theme-3/3-4-4-oligopoly.html,/practice-questions/edexcel-theme-3/3-4-4-oligopoly.html,/past-paper-questions/edexcel/3-4-4-oligopoly/,/flashcards/edexcel-a/theme-3/,high,ppq: dir+taxonomy+notesDir agree; practice: identical filename; notes spec-alert declares Edexcel unit 3.4.4; practice declares data-board=edexcel data-spec=3.4.4
edexcel,Edexcel Theme 3,3.4.5,/revision-notes/edexcel-theme-3/3-4-5-monopoly.html,/practice-questions/edexcel-theme-3/3-4-5-monopoly.html,/past-paper-questions/edexcel/3-4-5-monopoly/,/flashcards/edexcel-a/theme-3/,high,ppq: dir+taxonomy+notesDir agree; practice: identical filename; notes spec-alert declares Edexcel unit 3.4.5; practice declares data-board=edexcel data-spec=3.4.5
edexcel,Edexcel Theme 3,3.4.6,/revision-notes/edexcel-theme-3/3-4-6-monopsony.html,/practice-questions/edexcel-theme-3/3-4-6-monopsony.html,,/flashcards/edexcel-a/theme-3/,high,practice: identical filename; notes spec-alert declares Edexcel unit 3.4.6; practice declares data-board=edexcel data-spec=3.4.6
edexcel,Edexcel Theme 3,3.4.7,/revision-notes/edexcel-theme-3/3-4-7-contestability.html,/practice-questions/edexcel-theme-3/3-4-7-contestability.html,/past-paper-questions/edexcel/3-4-7-contestability/,/flashcards/edexcel-a/theme-3/,high,ppq: dir+taxonomy+notesDir agree; practice: identical filename; notes spec-alert declares Edexcel unit 3.4.7; practice declares data-board=edexcel data-spec=3.4.7
edexcel,Edexcel Theme 3,3.5.1,/revision-notes/edexcel-theme-3/3-5-1-demand-for-labour.html,/practice-questions/edexcel-theme-3/3-5-1-demand-for-labour.html,,/flashcards/edexcel-a/theme-3/,high,practice: identical filename; notes spec-alert declares Edexcel unit 3.5.1; practice declares data-board=edexcel data-spec=3.5.1
edexcel,Edexcel Theme 3,3.5.2,/revision-notes/edexcel-theme-3/3-5-2-supply-of-labour.html,/practice-questions/edexcel-theme-3/3-5-2-supply-of-labour.html,/past-paper-questions/edexcel/3-5-2-supply-of-labour/,/flashcards/edexcel-a/theme-3/,high,ppq: dir+taxonomy+notesDir agree; practice: identical filename; notes spec-alert declares Edexcel unit 3.5.2; practice declares data-board=edexcel data-spec=3.5.2
edexcel,Edexcel Theme 3,3.5.3,/revision-notes/edexcel-theme-3/3-5-3-wage-determination.html,/practice-questions/edexcel-theme-3/3-5-3-wage-determination.html,/past-paper-questions/edexcel/3-5-3-wage-determination/,/flashcards/edexcel-a/theme-3/,high,ppq: dir+taxonomy+notesDir agree; practice: identical filename; notes spec-alert declares Edexcel unit 3.5.3; practice declares data-board=edexcel data-spec=3.5.3
edexcel,Edexcel Theme 3,3.6.1,/revision-notes/edexcel-theme-3/3-6-1-government-intervention.html,/practice-questions/edexcel-theme-3/3-6-1-government-intervention.html,/past-paper-questions/edexcel/3-6-1-government-intervention/,/flashcards/edexcel-a/theme-3/,high,ppq: dir+taxonomy+notesDir agree; practice: identical filename; notes spec-alert declares Edexcel unit 3.6.1; practice declares data-board=edexcel data-spec=3.6.1
edexcel,Edexcel Theme 3,3.6.2,/revision-notes/edexcel-theme-3/3-6-2-the-impact-of-government-intervention.html,/practice-questions/edexcel-theme-3/3-6-2-the-impact-of-government-intervention.html,,/flashcards/edexcel-a/theme-3/,high,practice: identical filename; notes spec-alert declares Edexcel unit 3.6.2; practice declares data-board=edexcel data-spec=3.6.2
edexcel,Edexcel Theme 4,4.1.1,/revision-notes/edexcel-theme-4/4-1-1-globalisation.html,/practice-questions/edexcel-theme-4/4-1-1-globalisation.html,/past-paper-questions/edexcel/4-1-1-globalisation/,/flashcards/edexcel-a/theme-4/,high,ppq: dir+taxonomy+notesDir agree; practice: identical filename; notes spec-alert declares Edexcel unit 4.1.1; practice declares data-board=edexcel data-spec=4.1.1
edexcel,Edexcel Theme 4,4.1.2,/revision-notes/edexcel-theme-4/4-1-2-specialisation-trade.html,/practice-questions/edexcel-theme-4/4-1-2-specialisation-trade.html,,/flashcards/edexcel-a/theme-4/,high,practice: identical filename; notes spec-alert declares Edexcel unit 4.1.2; practice declares data-board=edexcel data-spec=4.1.2
edexcel,Edexcel Theme 4,4.1.3,/revision-notes/edexcel-theme-4/4-1-3-pattern-of-trade.html,/practice-questions/edexcel-theme-4/4-1-3-pattern-of-trade.html,/past-paper-questions/edexcel/4-1-3-pattern-of-trade/,/flashcards/edexcel-a/theme-4/,high,ppq: dir+taxonomy+notesDir agree; practice: identical filename; notes spec-alert declares Edexcel unit 4.1.3; practice declares data-board=edexcel data-spec=4.1.3
edexcel,Edexcel Theme 4,4.1.4,/revision-notes/edexcel-theme-4/4-1-4-terms-of-trade.html,/practice-questions/edexcel-theme-4/4-1-4-terms-of-trade.html,,/flashcards/edexcel-a/theme-4/,high,practice: identical filename; notes spec-alert declares Edexcel unit 4.1.4; practice declares data-board=edexcel data-spec=4.1.4
edexcel,Edexcel Theme 4,4.1.5,/revision-notes/edexcel-theme-4/4-1-5-trading-blocs-and-the-world-trade-organisation.html,/practice-questions/edexcel-theme-4/4-1-5-trading-blocs-and-the-world-trade-organisation.html,/past-paper-questions/edexcel/4-1-5-trading-blocs-and-the-world-trade-organisation/,/flashcards/edexcel-a/theme-4/,high,ppq: dir+taxonomy+notesDir agree; practice: identical filename; notes spec-alert declares Edexcel unit 4.1.5; practice declares data-board=edexcel data-spec=4.1.5
edexcel,Edexcel Theme 4,4.1.6,/revision-notes/edexcel-theme-4/4-1-6-restrictions-on-free-trade.html,/practice-questions/edexcel-theme-4/4-1-6-restrictions-on-free-trade.html,,/flashcards/edexcel-a/theme-4/,high,practice: identical filename; notes spec-alert declares Edexcel unit 4.1.6; practice declares data-board=edexcel data-spec=4.1.6
edexcel,Edexcel Theme 4,4.1.7,/revision-notes/edexcel-theme-4/4-1-7-balance-of-payments.html,/practice-questions/edexcel-theme-4/4-1-7-balance-of-payments.html,,/flashcards/edexcel-a/theme-4/,high,practice: identical filename; notes spec-alert declares Edexcel unit 4.1.7; practice declares data-board=edexcel data-spec=4.1.7
edexcel,Edexcel Theme 4,4.1.8,/revision-notes/edexcel-theme-4/4-1-8-exchange-rates.html,/practice-questions/edexcel-theme-4/4-1-8-exchange-rates.html,/past-paper-questions/edexcel/4-1-8-exchange-rates/,/flashcards/edexcel-a/theme-4/,high,ppq: dir+taxonomy+notesDir agree; practice: identical filename; notes spec-alert declares Edexcel unit 4.1.8; practice declares data-board=edexcel data-spec=4.1.8
edexcel,Edexcel Theme 4,4.1.9,/revision-notes/edexcel-theme-4/4-1-9-international-competitiveness.html,/practice-questions/edexcel-theme-4/4-1-9-international-competitiveness.html,/past-paper-questions/edexcel/4-1-9-international-competitiveness/,/flashcards/edexcel-a/theme-4/,high,ppq: dir+taxonomy+notesDir agree; practice: identical filename; notes spec-alert declares Edexcel unit 4.1.9; practice declares data-board=edexcel data-spec=4.1.9
edexcel,Edexcel Theme 4,4.2.1,/revision-notes/edexcel-theme-4/4-2-1-absolute-relative-poverty.html,/practice-questions/edexcel-theme-4/4-2-1-absolute-relative-poverty.html,,/flashcards/edexcel-a/theme-4/,high,practice: identical filename; notes spec-alert declares Edexcel unit 4.2.1; practice declares data-board=edexcel data-spec=4.2.1
edexcel,Edexcel Theme 4,4.2.2,/revision-notes/edexcel-theme-4/4-2-2-inequality.html,/practice-questions/edexcel-theme-4/4-2-2-inequality.html,/past-paper-questions/edexcel/4-2-2-inequality/,/flashcards/edexcel-a/theme-4/,high,ppq: dir+taxonomy+notesDir agree; practice: identical filename; notes spec-alert declares Edexcel unit 4.2.2; practice declares data-board=edexcel data-spec=4.2.2
edexcel,Edexcel Theme 4,4.3.1,/revision-notes/edexcel-theme-4/4-3-1-measures-of-development.html,/practice-questions/edexcel-theme-4/4-3-1-measures-of-development.html,,/flashcards/edexcel-a/theme-4/,high,practice: identical filename; notes spec-alert declares Edexcel unit 4.3.1; practice declares data-board=edexcel data-spec=4.3.1
edexcel,Edexcel Theme 4,4.3.2,/revision-notes/edexcel-theme-4/4-3-2-factors-influencing-growth-development.html,/practice-questions/edexcel-theme-4/4-3-2-factors-influencing-growth-development.html,/past-paper-questions/edexcel/4-3-2-factors-influencing-growth-development/,/flashcards/edexcel-a/theme-4/,high,ppq: dir+taxonomy+notesDir agree; practice: identical filename; notes spec-alert declares Edexcel unit 4.3.2; practice declares data-board=edexcel data-spec=4.3.2
edexcel,Edexcel Theme 4,4.3.3,/revision-notes/edexcel-theme-4/4-3-3-strategies-influencing-growth-development.html,/practice-questions/edexcel-theme-4/4-3-3-strategies-influencing-growth-development.html,/past-paper-questions/edexcel/4-3-3-strategies-influencing-growth-development/,/flashcards/edexcel-a/theme-4/,high,ppq: dir+taxonomy+notesDir agree; practice: identical filename; notes spec-alert declares Edexcel unit 4.3.3; practice declares data-board=edexcel data-spec=4.3.3
edexcel,Edexcel Theme 4,4.4.1,/revision-notes/edexcel-theme-4/4-4-1-role-of-financial-markets.html,/practice-questions/edexcel-theme-4/4-4-1-role-of-financial-markets.html,/past-paper-questions/edexcel/4-4-1-role-of-financial-markets/,/flashcards/edexcel-a/theme-4/,high,ppq: dir+taxonomy+notesDir agree; practice: identical filename; notes spec-alert declares Edexcel unit 4.4.1; practice declares data-board=edexcel data-spec=4.4.1
edexcel,Edexcel Theme 4,4.4.2,/revision-notes/edexcel-theme-4/4-4-2-market-failure-in-the-financial-sector.html,/practice-questions/edexcel-theme-4/4-4-2-market-failure-in-the-financial-sector.html,,/flashcards/edexcel-a/theme-4/,high,practice: identical filename; notes spec-alert declares Edexcel unit 4.4.2; practice declares data-board=edexcel data-spec=4.4.2
edexcel,Edexcel Theme 4,4.4.3,/revision-notes/edexcel-theme-4/4-4-3-role-of-central-banks.html,/practice-questions/edexcel-theme-4/4-4-3-role-of-central-banks.html,/past-paper-questions/edexcel/4-4-3-role-of-central-banks/,/flashcards/edexcel-a/theme-4/,high,ppq: dir+taxonomy+notesDir agree; practice: identical filename; notes spec-alert declares Edexcel unit 4.4.3; practice declares data-board=edexcel data-spec=4.4.3
edexcel,Edexcel Theme 4,4.5.1,/revision-notes/edexcel-theme-4/4-5-1-public-expenditure.html,/practice-questions/edexcel-theme-4/4-5-1-public-expenditure.html,,/flashcards/edexcel-a/theme-4/,high,practice: identical filename; notes spec-alert declares Edexcel unit 4.5.1; practice declares data-board=edexcel data-spec=4.5.1
edexcel,Edexcel Theme 4,4.5.2,/revision-notes/edexcel-theme-4/4-5-2-taxation.html,/practice-questions/edexcel-theme-4/4-5-2-taxation.html,/past-paper-questions/edexcel/4-5-2-taxation/,/flashcards/edexcel-a/theme-4/,high,ppq: dir+taxonomy+notesDir agree; practice: identical filename; notes spec-alert declares Edexcel unit 4.5.2; practice declares data-board=edexcel data-spec=4.5.2
edexcel,Edexcel Theme 4,4.5.3,/revision-notes/edexcel-theme-4/4-5-3-public-sector-finances.html,/practice-questions/edexcel-theme-4/4-5-3-public-sector-finances.html,/past-paper-questions/edexcel/4-5-3-public-sector-finances/,/flashcards/edexcel-a/theme-4/,high,ppq: dir+taxonomy+notesDir agree; practice: identical filename; notes spec-alert declares Edexcel unit 4.5.3; practice declares data-board=edexcel data-spec=4.5.3
edexcel,Edexcel Theme 4,4.5.4,/revision-notes/edexcel-theme-4/4-5-4-macroeconomic-policies-in-a-global-context.html,/practice-questions/edexcel-theme-4/4-5-4-macroeconomic-policies-in-a-global-context.html,,/flashcards/edexcel-a/theme-4/,high,practice: identical filename; notes spec-alert declares Edexcel unit 4.5.4; practice declares data-board=edexcel data-spec=4.5.4
