path,kind,board,module,spec_code,title,title_len,description,desc_len,h1,h1_code_prefix,h1_bare,canonical,canonical_self,h2_count,h2_with_id,heading_skips,words_main,img_count,svg_count,internal_links_out,jsonld_types,has_datePublished,has_dateModified,has_author,og_title_matches,twitter_title_matches,og_desc_matches,twitter_desc_matches
revision-notes/aqa-a2-macro/2-1-1-the-objectives-of-government-economic-policy.html,topic,AQA,Macroeconomics,2.1.1,AQA A-Level Economics 2.1.1 Government Policy Objectives,56,"Free AQA A-Level Economics revision notes for unit 2.1.1. Covers growth, unemployment, inflation, the current account, the budget balance and income equality.",158,2.1.1 The Objectives of Government Economic Policy,2.1.1,The Objectives of Government Economic Policy,https://economicsacademy.co.uk/revision-notes/aqa-a2-macro/2-1-1-the-objectives-of-government-economic-policy.html,yes,12,0,,695,0,0,15,BreadcrumbList;LearningResource,no,no,no,yes,yes,yes,yes
revision-notes/aqa-a2-macro/2-1-2-macroeconomic-indicators.html,topic,AQA,Macroeconomics,2.1.2,AQA A-Level Economics 2.1.2 Macroeconomic Indicators,52,"Revision notes for AQA A-Level Economics 2.1.2. Covers GDP and real GDP per capita, CPI and RPI, unemployment measures, productivity and the current account.",157,2.1.2 Macroeconomic Indicators,2.1.2,Macroeconomic Indicators,https://economicsacademy.co.uk/revision-notes/aqa-a2-macro/2-1-2-macroeconomic-indicators.html,yes,7,0,,1001,0,0,14,BreadcrumbList;LearningResource,no,no,no,yes,yes,yes,yes
revision-notes/aqa-a2-macro/2-1-3-uses-of-index-numbers.html,topic,AQA,Macroeconomics,2.1.3,AQA A-Level Economics 2.1.3 Uses of Index Numbers,49,"Free AQA A-Level Economics revision notes for unit 2.1.3. Covers base years and weighting, and how CPI and the inflation rate are calculated step by step.",154,2.1.3 Uses of Index Numbers,2.1.3,Uses of Index Numbers,https://economicsacademy.co.uk/revision-notes/aqa-a2-macro/2-1-3-uses-of-index-numbers.html,yes,5,0,,1215,0,0,13,BreadcrumbList;LearningResource,no,no,no,yes,yes,yes,yes
revision-notes/aqa-a2-macro/2-1-4-uses-of-national-income-data.html,topic,AQA,Macroeconomics,2.1.4,AQA A-Level Economics 2.1.4 Uses of National Income Data,56,"Free AQA A-Level Economics revision notes (2.1.4). Covers the three measurement methods, comparing living standards over time, and purchasing power parity.",155,2.1.4 Uses of National Income Data,2.1.4,Uses of National Income Data,https://economicsacademy.co.uk/revision-notes/aqa-a2-macro/2-1-4-uses-of-national-income-data.html,yes,6,0,,1379,0,0,13,BreadcrumbList;LearningResource,no,no,no,yes,yes,yes,yes
revision-notes/aqa-a2-macro/2-2-1-the-circular-flow-of-income.html,topic,AQA,Macroeconomics,2.2.1,AQA A-Level Economics 2.2.1 The Circular Flow of Income,55,"Free AQA A-Level Economics revision notes (2.2.1). Covers the circular flow, injections and withdrawals, equilibrium income, and nominal versus real income.",156,2.2.1 The Circular Flow of Income,2.2.1,The Circular Flow of Income,https://economicsacademy.co.uk/revision-notes/aqa-a2-macro/2-2-1-the-circular-flow-of-income.html,yes,7,0,,704,1,0,13,BreadcrumbList;LearningResource,no,no,no,yes,yes,yes,yes
revision-notes/aqa-a2-macro/2-2-2-aggregate-demand-and-aggregate-supply-analysis.html,topic,AQA,Macroeconomics,2.2.2,AQA A-Level Economics 2.2.2 AD and AS Analysis,46,"AQA A-Level Economics 2.2.2 revision notes. Covers the components of AD, movements versus shifts, and the determinants of both SRAS and LRAS. With diagrams.",156,2.2.2 Aggregate Demand and Aggregate Supply Analysis,2.2.2,Aggregate Demand and Aggregate Supply Analysis,https://economicsacademy.co.uk/revision-notes/aqa-a2-macro/2-2-2-aggregate-demand-and-aggregate-supply-analysis.html,yes,14,0,,1766,7,0,14,BreadcrumbList;LearningResource,no,no,no,yes,yes,yes,yes
revision-notes/aqa-a2-macro/2-2-3-the-determinants-of-aggregate-demand.html,topic,AQA,Macroeconomics,2.2.3,AQA A-Level Economics 2.2.3 Determinants of Aggregate Demand,60,"Revision notes for AQA A-Level Economics 2.2.3. Covers consumption, investment, government spending and the accelerator effect. Includes evaluation points.",155,2.2.3 The Determinants of Aggregate Demand,2.2.3,The Determinants of Aggregate Demand,https://economicsacademy.co.uk/revision-notes/aqa-a2-macro/2-2-3-the-determinants-of-aggregate-demand.html,yes,8,0,,1173,0,0,16,BreadcrumbList;LearningResource,no,no,no,yes,yes,yes,yes
revision-notes/aqa-a2-macro/2-2-4-aggregate-demand-and-the-level-of-economic-activity.html,topic,AQA,Macroeconomics,2.2.4,AQA A-Level Economics 2.2.4 AD and the Multiplier,49,"AQA A-Level Economics 2.2.4 revision notes. Covers the multiplier process, marginal propensities, the formula, and what determines its size. With diagrams.",155,2.2.4 Aggregate Demand and the Level of Economic Activity,2.2.4,Aggregate Demand and the Level of Economic Activity,https://economicsacademy.co.uk/revision-notes/aqa-a2-macro/2-2-4-aggregate-demand-and-the-level-of-economic-activity.html,yes,9,0,,915,1,0,13,BreadcrumbList;LearningResource,no,no,no,yes,yes,yes,yes
revision-notes/aqa-a2-macro/2-2-5-determinants-of-short-run-aggregate-supply.html,topic,AQA,Macroeconomics,2.2.5,AQA A-Level Economics 2.2.5 Determinants of SRAS,48,"AQA A-Level Economics 2.2.5 revision notes. Covers why SRAS slopes upward and how production costs, wages and exchange rates shift it. With comparison tables.",158,2.2.5 Determinants of Short-Run Aggregate Supply,2.2.5,Determinants of Short-Run Aggregate Supply,https://economicsacademy.co.uk/revision-notes/aqa-a2-macro/2-2-5-determinants-of-short-run-aggregate-supply.html,yes,6,0,,598,2,0,14,BreadcrumbList;LearningResource,no,no,no,yes,yes,yes,yes
revision-notes/aqa-a2-macro/2-2-6-determinants-of-long-run-aggregate-supply.html,topic,AQA,Macroeconomics,2.2.6,AQA A-Level Economics 2.2.6 Determinants of LRAS,48,AQA A-Level Economics 2.2.6 revision notes. Covers the Classical and Keynesian views of LRAS and the factors that shift productive potential. With diagrams.,156,2.2.6 Determinants of Long-Run Aggregate Supply,2.2.6,Determinants of Long-Run Aggregate Supply,https://economicsacademy.co.uk/revision-notes/aqa-a2-macro/2-2-6-determinants-of-long-run-aggregate-supply.html,yes,6,0,,831,3,0,13,BreadcrumbList;LearningResource,no,no,no,yes,yes,yes,yes
revision-notes/aqa-a2-macro/2-3-1-economic-growth-and-the-economic-cycle.html,topic,AQA,Macroeconomics,2.3.1,AQA A-Level Economics 2.3.1 Economic Growth and the Cycle,57,"Free AQA A-Level Economics revision notes (2.3.1). Covers short-run versus long-run growth, the phases of the cycle, output gaps and the costs of growth.",153,2.3.1 Economic Growth and the Economic Cycle,2.3.1,Economic Growth and the Economic Cycle,https://economicsacademy.co.uk/revision-notes/aqa-a2-macro/2-3-1-economic-growth-and-the-economic-cycle.html,yes,9,0,,2025,8,0,16,BreadcrumbList;LearningResource,no,no,no,yes,yes,yes,yes
revision-notes/aqa-a2-macro/2-3-2-employment-and-unemployment.html,topic,AQA,Macroeconomics,2.3.2,AQA A-Level Economics 2.3.2 Employment and Unemployment,55,"Free AQA A-Level Economics revision notes for unit 2.3.2. Covers the Labour Force Survey and Claimant Count, types of unemployment and the natural rate.",152,2.3.2 Employment and Unemployment,2.3.2,Employment and Unemployment,https://economicsacademy.co.uk/revision-notes/aqa-a2-macro/2-3-2-employment-and-unemployment.html,yes,10,0,,959,0,0,13,BreadcrumbList;LearningResource,no,no,no,yes,yes,yes,yes
revision-notes/aqa-a2-macro/2-3-3-inflation-and-deflation.html,topic,AQA,Macroeconomics,2.3.3,AQA A-Level Economics 2.3.3 Inflation and Deflation,51,"Free AQA A-Level Economics revision notes (2.3.3). Covers inflation, deflation and disinflation, CPI limits, demand-pull and cost-push causes. With diagrams.",157,2.3.3 Inflation and Deflation,2.3.3,Inflation and Deflation,https://economicsacademy.co.uk/revision-notes/aqa-a2-macro/2-3-3-inflation-and-deflation.html,yes,9,0,,1128,2,0,14,BreadcrumbList;LearningResource,no,no,no,yes,yes,yes,yes
revision-notes/aqa-a2-macro/2-3-4-possible-conflicts-between-macroeconomic-policy-objectives.html,topic,AQA,Macroeconomics,2.3.4,AQA A-Level Economics 2.3.4 Macroeconomic Policy Conflicts,58,"AQA A-Level Economics 2.3.4 revision notes. Covers the key trade-offs, the short-run and long-run Phillips curves, and reconciling conflicts. With diagrams.",156,2.3.4 Possible Conflicts between Macroeconomic Policy Objectives,2.3.4,Possible Conflicts between Macroeconomic Policy Objectives,https://economicsacademy.co.uk/revision-notes/aqa-a2-macro/2-3-4-possible-conflicts-between-macroeconomic-policy-objectives.html,yes,9,0,,837,2,0,14,BreadcrumbList;LearningResource,no,no,no,yes,yes,yes,yes
revision-notes/aqa-a2-macro/2-4-1-the-structure-of-financial-markets-and-financial-assets.html,topic,AQA,Macroeconomics,2.4.1,AQA A-Level Economics 2.4.1 Financial Markets and Assets,56,"Free AQA A-Level Economics revision notes (2.4.1). Covers the functions of money, narrow and broad money, money and capital markets, debt, equity and bonds.",156,2.4.1 The Structure of Financial Markets and Financial Assets,2.4.1,The Structure of Financial Markets and Financial Assets,https://economicsacademy.co.uk/revision-notes/aqa-a2-macro/2-4-1-the-structure-of-financial-markets-and-financial-assets.html,yes,9,0,,2235,0,0,13,BreadcrumbList;LearningResource,no,no,no,yes,yes,yes,yes
revision-notes/aqa-a2-macro/2-4-2-commercial-banks-and-investment-banks.html,topic,AQA,Macroeconomics,2.4.2,AQA A-Level Economics 2.4.2 Commercial and Investment Banks,59,"Free AQA A-Level Economics revision notes (2.4.2). Covers the commercial and investment bank distinction, the balance sheet, objectives and credit creation.",156,2.4.2 Commercial Banks and Investment Banks,2.4.2,Commercial Banks and Investment Banks,https://economicsacademy.co.uk/revision-notes/aqa-a2-macro/2-4-2-commercial-banks-and-investment-banks.html,yes,9,0,,1652,0,0,13,BreadcrumbList;LearningResource,no,no,no,yes,yes,yes,yes
revision-notes/aqa-a2-macro/2-4-3-central-banks-and-monetary-policy.html,topic,AQA,Macroeconomics,2.4.3,"AQA A-Level Economics 2.4.3 Central Banks, Monetary Policy",58,"Free AQA A-Level Economics revision notes (2.4.3). Covers central bank functions, monetary policy tools, quantitative easing and the transmission mechanism.",156,2.4.3 Central Banks and Monetary Policy,2.4.3,Central Banks and Monetary Policy,https://economicsacademy.co.uk/revision-notes/aqa-a2-macro/2-4-3-central-banks-and-monetary-policy.html,yes,8,0,,1375,1,0,14,BreadcrumbList;LearningResource,no,no,no,yes,yes,yes,yes
revision-notes/aqa-a2-macro/2-4-4-the-regulation-of-the-financial-system.html,topic,AQA,Macroeconomics,2.4.4,AQA A-Level Economics 2.4.4 Regulating the Financial System,59,"Free AQA A-Level Economics revision notes for unit 2.4.4. Covers the Bank of England, PRA, FPC and FCA, liquidity and capital ratios, and systemic risk.",152,2.4.4 The Regulation of the Financial System,2.4.4,The Regulation of the Financial System,https://economicsacademy.co.uk/revision-notes/aqa-a2-macro/2-4-4-the-regulation-of-the-financial-system.html,yes,7,0,,1341,0,0,13,BreadcrumbList;LearningResource,no,no,no,yes,yes,yes,yes
revision-notes/aqa-a2-macro/2-5-1-fiscal-policy.html,topic,AQA,Macroeconomics,2.5.1,AQA A-Level Economics 2.5.1 Fiscal Policy,41,"Free AQA A-Level Economics revision notes (2.5.1). Covers the government budget, the Laffer curve, types of spending and taxes, national debt and the OBR.",154,2.5.1 Fiscal Policy,2.5.1,Fiscal Policy,https://economicsacademy.co.uk/revision-notes/aqa-a2-macro/2-5-1-fiscal-policy.html,yes,13,0,,2547,2,0,16,BreadcrumbList;LearningResource,no,no,no,yes,yes,yes,yes
revision-notes/aqa-a2-macro/2-5-2-supply-side-policies.html,topic,AQA,Macroeconomics,2.5.2,AQA A-Level Economics 2.5.2 Supply-Side Policies,48,Free AQA A-Level Economics revision notes (2.5.2). Covers market-based and interventionist policies and their impact on LRAS and macroeconomic objectives.,154,2.5.2 Supply-Side Policies,2.5.2,Supply-Side Policies,https://economicsacademy.co.uk/revision-notes/aqa-a2-macro/2-5-2-supply-side-policies.html,yes,7,0,,1431,2,0,16,BreadcrumbList;LearningResource,no,no,no,yes,yes,yes,yes
revision-notes/aqa-a2-macro/2-6-1-globalisation.html,topic,AQA,Macroeconomics,2.6.1,AQA A-Level Economics 2.6.1 Globalisation,41,"Free AQA A-Level Economics revision notes for unit 2.6.1. Covers the drivers of globalisation and its impact on consumers, workers, firms and the environment.",158,2.6.1 Globalisation,2.6.1,Globalisation,https://economicsacademy.co.uk/revision-notes/aqa-a2-macro/2-6-1-globalisation.html,yes,10,0,,1069,0,0,14,BreadcrumbList;LearningResource,no,no,no,yes,yes,yes,yes
revision-notes/aqa-a2-macro/2-6-2-trade.html,topic,AQA,Macroeconomics,2.6.2,AQA A-Level Economics 2.6.2 Trade,33,"AQA A-Level Economics 2.6.2 revision notes. Covers absolute and comparative advantage, protectionism, trading blocs and the role of the WTO. With diagrams.",155,2.6.2 Trade,2.6.2,Trade,https://economicsacademy.co.uk/revision-notes/aqa-a2-macro/2-6-2-trade.html,yes,15,0,,2019,2,0,16,BreadcrumbList;LearningResource,no,no,no,yes,yes,yes,yes
revision-notes/aqa-a2-macro/2-6-3-the-balance-of-payments.html,topic,AQA,Macroeconomics,2.6.3,AQA A-Level Economics 2.6.3 The Balance of Payments,51,"Free AQA A-Level Economics revision notes for unit 2.6.3. Covers the structure of the accounts, deficits and surpluses, their causes and corrective policies.",157,2.6.3 The Balance of Payments,2.6.3,The Balance of Payments,https://economicsacademy.co.uk/revision-notes/aqa-a2-macro/2-6-3-the-balance-of-payments.html,yes,9,0,,1048,0,0,15,BreadcrumbList;LearningResource,no,no,no,yes,yes,yes,yes
revision-notes/aqa-a2-macro/2-6-4-exchange-rate-systems.html,topic,AQA,Macroeconomics,2.6.4,AQA A-Level Economics 2.6.4 Exchange Rate Systems,49,"AQA A-Level Economics 2.6.4 revision notes. Covers floating, fixed and managed systems, appreciation and depreciation, and currency unions. With diagrams.",154,2.6.4 Exchange Rate Systems,2.6.4,Exchange Rate Systems,https://economicsacademy.co.uk/revision-notes/aqa-a2-macro/2-6-4-exchange-rate-systems.html,yes,12,0,,1382,2,0,13,BreadcrumbList;LearningResource,no,no,no,yes,yes,yes,yes
revision-notes/aqa-a2-macro/2-6-5-economic-growth-and-development.html,topic,AQA,Macroeconomics,2.6.5,AQA A-Level Economics 2.6.5 Economic Growth and Development,59,"Free AQA A-Level Economics revision notes (2.6.5). Covers growth versus development, HDI and other indicators, and market-led versus state-led strategies.",154,2.6.5 Economic Growth and Development,2.6.5,Economic Growth and Development,https://economicsacademy.co.uk/revision-notes/aqa-a2-macro/2-6-5-economic-growth-and-development.html,yes,12,0,,2227,1,0,13,BreadcrumbList;LearningResource,no,no,no,yes,yes,yes,yes
revision-notes/aqa-a2-macro/index.html,hub,AQA,Macroeconomics,,AQA A-Level Macroeconomics Revision Notes | National & International Economy | Economics Academy,96,"Free AQA A-Level Economics macroeconomics revision notes — macroeconomic performance, AD and AS, financial markets, fiscal and supply-side policies, and the international economy. Every topic covered, with links to detailed notes on each subtopic.",247,AQA A-Level Macroeconomics — The National and International Economy,,AQA A-Level Macroeconomics — The National and International Economy,https://economicsacademy.co.uk/revision-notes/aqa-a2-macro/,yes,7,0,,336,0,0,33,BreadcrumbList;LearningResource,no,no,no,yes,no,no,no
revision-notes/aqa-a2-micro/1-1-1-economic-methodology.html,topic,AQA,Microeconomics,1.1.1,AQA A-Level Economics 1.1.1 Economic Methodology,48,"Free AQA A-Level Economics revision notes (1.1.1). Covers economics as a social science, the role of models, ceteris paribus, and positive versus normative.",156,1.1.1 Economic Methodology,1.1.1,Economic Methodology,https://economicsacademy.co.uk/revision-notes/aqa-a2-micro/1-1-1-economic-methodology.html,yes,8,0,,706,0,0,12,BreadcrumbList;LearningResource,no,no,no,yes,yes,yes,yes
revision-notes/aqa-a2-micro/1-1-2-the-nature-and-purpose-of-economic-activity.html,topic,AQA,Microeconomics,1.1.2,AQA A-Level Economics 1.1.2 The Purpose of Economic Activity,60,Free AQA A-Level Economics revision notes for unit 1.1.2. Covers the central purpose of economic activity and the three questions every economy must answer.,156,1.1.2 The Nature and Purpose of Economic Activity,1.1.2,The Nature and Purpose of Economic Activity,https://economicsacademy.co.uk/revision-notes/aqa-a2-micro/1-1-2-the-nature-and-purpose-of-economic-activity.html,yes,4,0,,300,0,0,12,BreadcrumbList;LearningResource,no,no,no,yes,yes,yes,yes
revision-notes/aqa-a2-micro/1-1-3-economic-resources.html,topic,AQA,Microeconomics,1.1.3,AQA A-Level Economics 1.1.3 Economic Resources,46,"Free AQA A-Level Economics revision notes for unit 1.1.3. Covers land, labour, capital and enterprise, and why the environment is itself a scarce resource.",155,1.1.3 Economic Resources,1.1.3,Economic Resources,https://economicsacademy.co.uk/revision-notes/aqa-a2-micro/1-1-3-economic-resources.html,yes,4,0,,404,0,0,12,BreadcrumbList;LearningResource,no,no,no,yes,yes,yes,yes
revision-notes/aqa-a2-micro/1-1-4-scarcity-choice-and-the-allocation-of-resources.html,topic,AQA,Microeconomics,1.1.4,"AQA A-Level Economics 1.1.4 Scarcity, Choice and Allocation",59,"Free AQA A-Level Economics revision notes for unit 1.1.4. Covers the basic economic problem, why choices must be made, and how opportunity cost arises.",151,"1.1.4 Scarcity, Choice and the Allocation of Resources",1.1.4,"Scarcity, Choice and the Allocation of Resources",https://economicsacademy.co.uk/revision-notes/aqa-a2-micro/1-1-4-scarcity-choice-and-the-allocation-of-resources.html,yes,5,0,,390,0,0,13,BreadcrumbList;LearningResource,no,no,no,yes,yes,yes,yes
revision-notes/aqa-a2-micro/1-1-5-production-possibility-diagrams.html,topic,AQA,Microeconomics,1.1.5,AQA A-Level Economics 1.1.5 Production Possibility Diagrams,59,"AQA A-Level Economics 1.1.5 revision notes. Covers what a PPF shows, points on and inside the curve, and shifts showing growth and decline. With diagrams.",154,1.1.5 Production Possibility Diagrams,1.1.5,Production Possibility Diagrams,https://economicsacademy.co.uk/revision-notes/aqa-a2-micro/1-1-5-production-possibility-diagrams.html,yes,6,0,,699,2,0,14,BreadcrumbList;LearningResource,no,no,no,yes,yes,yes,yes
revision-notes/aqa-a2-micro/1-2-1-consumer-behaviour.html,topic,AQA,Microeconomics,1.2.1,AQA A-Level Economics 1.2.1 Consumer Behaviour,46,"Free AQA A-Level Economics revision notes for unit 1.2.1. Covers rational decision making, how agents are assumed to behave, and diminishing marginal utility.",158,1.2.1 Consumer Behaviour,1.2.1,Consumer Behaviour,https://economicsacademy.co.uk/revision-notes/aqa-a2-micro/1-2-1-consumer-behaviour.html,yes,7,0,,690,1,0,13,BreadcrumbList;LearningResource,no,no,no,yes,yes,yes,yes
revision-notes/aqa-a2-micro/1-2-2-imperfect-information.html,topic,AQA,Microeconomics,1.2.2,AQA A-Level Economics 1.2.2 Imperfect Information,49,"Free AQA A-Level Economics revision notes for unit 1.2.2. Covers why information matters, information gaps, and the consequences of asymmetric information.",155,1.2.2 Imperfect Information,1.2.2,Imperfect Information,https://economicsacademy.co.uk/revision-notes/aqa-a2-micro/1-2-2-imperfect-information.html,yes,5,0,,368,0,0,13,BreadcrumbList;LearningResource,no,no,no,yes,yes,yes,yes
revision-notes/aqa-a2-micro/1-2-3-aspects-of-behavioural-economic-theory.html,topic,AQA,Microeconomics,1.2.3,AQA A-Level Economics 1.2.3 Behavioural Economic Theory,55,Free AQA A-Level Economics revision notes for unit 1.2.3. Covers how behavioural economics challenges rationality and the biases that distort decisions.,152,1.2.3 Aspects of Behavioural Economic Theory,1.2.3,Aspects of Behavioural Economic Theory,https://economicsacademy.co.uk/revision-notes/aqa-a2-micro/1-2-3-aspects-of-behavioural-economic-theory.html,yes,5,0,,835,0,0,13,BreadcrumbList;LearningResource,no,no,no,yes,yes,yes,yes
revision-notes/aqa-a2-micro/1-2-4-behavioural-economics-and-economic-policy.html,topic,AQA,Microeconomics,1.2.4,AQA A-Level Economics 1.2.4 Behavioural Economics and Policy,60,"Free AQA A-Level Economics revision notes (1.2.4). Covers choice architecture, framing and nudges, and how they shape policy. Includes evaluation points.",153,1.2.4 Behavioural Economics and Economic Policy,1.2.4,Behavioural Economics and Economic Policy,https://economicsacademy.co.uk/revision-notes/aqa-a2-micro/1-2-4-behavioural-economics-and-economic-policy.html,yes,5,0,,465,0,0,14,BreadcrumbList;LearningResource,no,no,no,yes,yes,yes,yes
revision-notes/aqa-a2-micro/1-3-1-the-determinants-of-the-demand-for-goods-and-services.html,topic,AQA,Microeconomics,1.3.1,AQA A-Level Economics 1.3.1 The Determinants of Demand,54,"AQA A-Level Economics 1.3.1 revision notes. Covers the law of demand, the demand curve, the conditions of demand and marginal utility. With comparison tables.",158,1.3.1 The Determinants of the Demand for Goods and Services,1.3.1,The Determinants of the Demand for Goods and Services,https://economicsacademy.co.uk/revision-notes/aqa-a2-micro/1-3-1-the-determinants-of-the-demand-for-goods-and-services.html,yes,7,0,,731,2,0,13,BreadcrumbList;LearningResource,no,no,no,yes,yes,yes,yes
revision-notes/aqa-a2-micro/1-3-2-price-income-and-cross-elasticities-of-demand.html,topic,AQA,Microeconomics,1.3.2,AQA A-Level Economics 1.3.2 Elasticities of Demand,50,"Revision notes for AQA A-Level Economics 1.3.2. Covers PED, YED and XED with formulas, worked calculations and their significance for firms. With diagrams.",155,"1.3.2 Price, Income and Cross Elasticities of Demand",1.3.2,"Price, Income and Cross Elasticities of Demand",https://economicsacademy.co.uk/revision-notes/aqa-a2-micro/1-3-2-price-income-and-cross-elasticities-of-demand.html,yes,7,0,,1054,1,0,13,BreadcrumbList;LearningResource,no,no,no,yes,yes,yes,yes
revision-notes/aqa-a2-micro/1-3-3-the-determinants-of-the-supply-of-goods-and-services.html,topic,AQA,Microeconomics,1.3.3,AQA A-Level Economics 1.3.3 The Determinants of Supply,54,"AQA A-Level Economics 1.3.3 revision notes. Covers the law of supply, movements along the curve, and the factors that shift supply. With exam-ready evaluation.",159,1.3.3 The Determinants of the Supply of Goods and Services,1.3.3,The Determinants of the Supply of Goods and Services,https://economicsacademy.co.uk/revision-notes/aqa-a2-micro/1-3-3-the-determinants-of-the-supply-of-goods-and-services.html,yes,6,0,,658,2,0,13,BreadcrumbList;LearningResource,no,no,no,yes,yes,yes,yes
revision-notes/aqa-a2-micro/1-3-4-price-elasticity-of-supply.html,topic,AQA,Microeconomics,1.3.4,AQA A-Level Economics 1.3.4 Price Elasticity of Supply,54,"Free AQA A-Level Economics revision notes for unit 1.3.4. Covers the PES formula, interpreting values, its determinants and short-run versus long-run supply.",157,1.3.4 Price Elasticity of Supply,1.3.4,Price Elasticity of Supply,https://economicsacademy.co.uk/revision-notes/aqa-a2-micro/1-3-4-price-elasticity-of-supply.html,yes,7,0,,805,1,0,13,BreadcrumbList;LearningResource,no,no,no,yes,yes,yes,yes
revision-notes/aqa-a2-micro/1-3-5-the-determination-of-equilibrium-market-prices.html,topic,AQA,Microeconomics,1.3.5,AQA A-Level Economics 1.3.5 Equilibrium Market Prices,53,"AQA A-Level Economics 1.3.5 revision notes. Covers how demand and supply set price and quantity, disequilibrium, and shifts in equilibrium. With diagrams.",154,1.3.5 The Determination of Equilibrium Market Prices,1.3.5,The Determination of Equilibrium Market Prices,https://economicsacademy.co.uk/revision-notes/aqa-a2-micro/1-3-5-the-determination-of-equilibrium-market-prices.html,yes,6,0,,716,4,0,13,BreadcrumbList;LearningResource,no,no,no,yes,yes,yes,yes
revision-notes/aqa-a2-micro/1-3-6-the-interrelationship-between-markets.html,topic,AQA,Microeconomics,1.3.6,AQA A-Level Economics 1.3.6 Interrelated Markets,48,"Free AQA A-Level Economics revision notes (1.3.6). Covers joint demand, competitive demand, composite demand, derived demand and joint supply. With diagrams.",157,1.3.6 The Interrelationship between Markets,1.3.6,The Interrelationship between Markets,https://economicsacademy.co.uk/revision-notes/aqa-a2-micro/1-3-6-the-interrelationship-between-markets.html,yes,5,0,,760,5,0,13,BreadcrumbList;LearningResource,no,no,no,yes,yes,yes,yes
revision-notes/aqa-a2-micro/1-4-1-production-and-productivity.html,topic,AQA,Microeconomics,1.4.1,AQA A-Level Economics 1.4.1 Production & Productivity,53,"Free AQA A-Level Economics revision notes for unit 1.4.1. Covers the meaning of production, how productivity is measured, and what raises labour productivity.",158,1.4.1 Production & Productivity,1.4.1,Production & Productivity,https://economicsacademy.co.uk/revision-notes/aqa-a2-micro/1-4-1-production-and-productivity.html,yes,5,0,,345,0,0,13,BreadcrumbList;LearningResource,no,no,no,yes,yes,yes,yes
revision-notes/aqa-a2-micro/1-4-2-specialisation-division-of-labour-and-exchange.html,topic,AQA,Microeconomics,1.4.2,AQA A-Level Economics 1.4.2 Specialisation and Exchange,55,"Free AQA A-Level Economics revision notes for unit 1.4.2. Covers levels of specialisation, the gains and drawbacks of dividing labour, and money's functions.",157,"1.4.2 Specialisation, Division of Labour and Exchange",1.4.2,"Specialisation, Division of Labour and Exchange",https://economicsacademy.co.uk/revision-notes/aqa-a2-micro/1-4-2-specialisation-division-of-labour-and-exchange.html,yes,6,0,,590,0,0,12,BreadcrumbList;LearningResource,no,no,no,yes,yes,yes,yes
revision-notes/aqa-a2-micro/1-4-3-the-law-of-diminishing-returns-and-returns-to-scale.html,topic,AQA,Microeconomics,1.4.3,AQA A-Level Economics 1.4.3 Diminishing Returns and Scale,57,"Free AQA A-Level Economics revision notes for unit 1.4.3. Covers the short run versus long run, marginal, average and total returns, and returns to scale.",154,1.4.3 The Law of Diminishing Returns and Returns to Scale,1.4.3,The Law of Diminishing Returns and Returns to Scale,https://economicsacademy.co.uk/revision-notes/aqa-a2-micro/1-4-3-the-law-of-diminishing-returns-and-returns-to-scale.html,yes,6,0,,711,0,0,12,BreadcrumbList;LearningResource,no,no,no,yes,yes,yes,yes
revision-notes/aqa-a2-micro/1-4-4-costs-of-production.html,topic,AQA,Microeconomics,1.4.4,AQA A-Level Economics 1.4.4 Costs of Production,47,"AQA A-Level Economics 1.4.4 revision notes. Covers fixed, variable, marginal and average costs, the U-shaped curves and the SRAC-LRAC link. With diagrams.",154,1.4.4 Costs of Production,1.4.4,Costs of Production,https://economicsacademy.co.uk/revision-notes/aqa-a2-micro/1-4-4-costs-of-production.html,yes,8,0,,905,2,0,16,BreadcrumbList;LearningResource,no,no,no,yes,yes,yes,yes
revision-notes/aqa-a2-micro/1-4-5-economies-and-diseconomies-of-scale.html,topic,AQA,Microeconomics,1.4.5,AQA A-Level Economics 1.4.5 Economies of Scale,46,"AQA A-Level Economics 1.4.5 revision notes. Covers the LRAC curve, internal and external economies, diseconomies and minimum efficient scale. With diagrams.",156,1.4.5 Economies and Diseconomies of Scale,1.4.5,Economies and Diseconomies of Scale,https://economicsacademy.co.uk/revision-notes/aqa-a2-micro/1-4-5-economies-and-diseconomies-of-scale.html,yes,7,0,,1267,1,0,13,BreadcrumbList;LearningResource,no,no,no,yes,yes,yes,yes
revision-notes/aqa-a2-micro/1-4-6-marginal-average-and-total-revenue.html,topic,AQA,Microeconomics,1.4.6,"AQA A-Level Economics 1.4.6 Marginal, Average, Total Revenue",60,"AQA A-Level Economics 1.4.6 revision notes. Covers total, average and marginal revenue under both perfect and imperfect competition. With annotated diagrams.",157,"1.4.6 Marginal, Average and Total Revenue",1.4.6,"Marginal, Average and Total Revenue",https://economicsacademy.co.uk/revision-notes/aqa-a2-micro/1-4-6-marginal-average-and-total-revenue.html,yes,5,0,,523,2,0,13,BreadcrumbList;LearningResource,no,no,no,yes,yes,yes,yes
revision-notes/aqa-a2-micro/1-4-7-profit.html,topic,AQA,Microeconomics,1.4.7,AQA A-Level Economics 1.4.7 Profit,34,"Free AQA A-Level Economics revision notes for unit 1.4.7. Covers normal profit, supernormal profit and losses on firm diagrams, and profit's role in markets.",157,1.4.7 Profit,1.4.7,Profit,https://economicsacademy.co.uk/revision-notes/aqa-a2-micro/1-4-7-profit.html,yes,6,0,,511,2,0,13,BreadcrumbList;LearningResource,no,no,no,yes,yes,yes,yes
revision-notes/aqa-a2-micro/1-4-8-technological-change.html,topic,AQA,Microeconomics,1.4.8,AQA A-Level Economics 1.4.8 Technological Change,48,Free AQA A-Level Economics revision notes for unit 1.4.8. Covers invention versus innovation and how technological change reshapes costs and market structure.,158,1.4.8 Technological Change,1.4.8,Technological Change,https://economicsacademy.co.uk/revision-notes/aqa-a2-micro/1-4-8-technological-change.html,yes,5,0,,372,0,0,14,BreadcrumbList;LearningResource,no,no,no,yes,yes,yes,yes
revision-notes/aqa-a2-micro/1-5-1-market-structures.html,topic,AQA,Microeconomics,1.5.1,AQA A-Level Economics 1.5.1 Market Structures,45,Free AQA A-Level Economics revision notes for unit 1.5.1. Covers the spectrum from perfect competition to monopoly and the characteristics defining each.,153,1.5.1 Market Structures,1.5.1,Market Structures,https://economicsacademy.co.uk/revision-notes/aqa-a2-micro/1-5-1-market-structures.html,yes,5,0,,367,0,0,15,BreadcrumbList;LearningResource,no,no,no,yes,yes,yes,yes
revision-notes/aqa-a2-micro/1-5-10-market-structure-efficiency-resource-allocation.html,topic,AQA,Microeconomics,1.5.10,AQA A-Level Economics 1.5.10 Efficiency and Market Structure,60,"Revision notes for AQA A-Level Economics 1.5.10. Covers allocative, productive, dynamic and X-inefficiency across different market structures. With diagrams.",157,"1.5.10 Market Structure, Static Efficiency, Dynamic Efficiency and Resource Allocation",1.5.10,"Market Structure, Static Efficiency, Dynamic Efficiency and Resource Allocation",https://economicsacademy.co.uk/revision-notes/aqa-a2-micro/1-5-10-market-structure-efficiency-resource-allocation.html,yes,6,0,,656,2,0,14,BreadcrumbList;LearningResource,no,no,no,yes,yes,yes,yes
revision-notes/aqa-a2-micro/1-5-11-consumer-and-producer-surplus.html,topic,AQA,Microeconomics,1.5.11,AQA A-Level Economics 1.5.11 Consumer and Producer Surplus,58,"Free AQA A-Level Economics revision notes for unit 1.5.11. Covers surplus at equilibrium, how market changes shift it, and monopoly and price discrimination.",157,1.5.11 Consumer and Producer Surplus,1.5.11,Consumer and Producer Surplus,https://economicsacademy.co.uk/revision-notes/aqa-a2-micro/1-5-11-consumer-and-producer-surplus.html,yes,8,0,,967,7,0,15,BreadcrumbList;LearningResource,no,no,no,yes,yes,yes,yes
revision-notes/aqa-a2-micro/1-5-2-the-objectives-of-firms.html,topic,AQA,Microeconomics,1.5.2,AQA A-Level Economics 1.5.2 The Objectives of Firms,51,"Free AQA A-Level Economics revision notes for unit 1.5.2. Covers profit, revenue and sales maximisation, satisficing, and the divorce of ownership and control.",159,1.5.2 The Objectives of Firms,1.5.2,The Objectives of Firms,https://economicsacademy.co.uk/revision-notes/aqa-a2-micro/1-5-2-the-objectives-of-firms.html,yes,9,0,,813,3,0,14,BreadcrumbList;LearningResource,no,no,no,yes,yes,yes,yes
revision-notes/aqa-a2-micro/1-5-3-perfect-competition.html,topic,AQA,Microeconomics,1.5.3,AQA A-Level Economics 1.5.3 Perfect Competition,47,"Free AQA A-Level Economics revision notes for unit 1.5.3. Covers the assumptions, the firm's demand curve, short-run and long-run equilibrium, and efficiency.",158,1.5.3 Perfect Competition,1.5.3,Perfect Competition,https://economicsacademy.co.uk/revision-notes/aqa-a2-micro/1-5-3-perfect-competition.html,yes,8,0,,788,5,0,14,BreadcrumbList;LearningResource,no,no,no,yes,yes,yes,yes
revision-notes/aqa-a2-micro/1-5-4-monopolistic-competition.html,topic,AQA,Microeconomics,1.5.4,AQA A-Level Economics 1.5.4 Monopolistic Competition,52,"Free AQA A-Level Economics revision notes for unit 1.5.4. Covers product differentiation, short-run profit, long-run normal profit and non-price competition.",157,1.5.4 Monopolistic Competition,1.5.4,Monopolistic Competition,https://economicsacademy.co.uk/revision-notes/aqa-a2-micro/1-5-4-monopolistic-competition.html,yes,10,0,,887,2,0,15,BreadcrumbList;LearningResource,no,no,no,yes,yes,yes,yes
revision-notes/aqa-a2-micro/1-5-5-oligopoly.html,topic,AQA,Microeconomics,1.5.5,AQA A-Level Economics 1.5.5 Oligopoly,37,"Free AQA A-Level Economics revision notes (1.5.5). Covers concentration ratios, interdependence, and collusive versus non-collusive behaviour. With diagrams.",157,1.5.5 Oligopoly,1.5.5,Oligopoly,https://economicsacademy.co.uk/revision-notes/aqa-a2-micro/1-5-5-oligopoly.html,yes,7,0,,1144,2,0,15,BreadcrumbList;LearningResource,no,no,no,yes,yes,yes,yes
revision-notes/aqa-a2-micro/1-5-6-monopoly-and-monopoly-power.html,topic,AQA,Microeconomics,1.5.6,AQA A-Level Economics 1.5.6 Monopoly and Monopoly Power,55,"AQA A-Level Economics 1.5.6 revision notes. Covers the characteristics of monopoly, profit maximisation, monopoly power and natural monopoly. With diagrams.",156,1.5.6 Monopoly and Monopoly Power,1.5.6,Monopoly and Monopoly Power,https://economicsacademy.co.uk/revision-notes/aqa-a2-micro/1-5-6-monopoly-and-monopoly-power.html,yes,7,0,,881,2,0,15,BreadcrumbList;LearningResource,no,no,no,yes,yes,yes,yes
revision-notes/aqa-a2-micro/1-5-7-price-discrimination.html,topic,AQA,Microeconomics,1.5.7,AQA A-Level Economics 1.5.7 Price Discrimination,48,"Revision notes for AQA A-Level Economics 1.5.7. Covers first, second and third-degree price discrimination and the conditions required for it. With diagrams.",157,1.5.7 Price Discrimination,1.5.7,Price Discrimination,https://economicsacademy.co.uk/revision-notes/aqa-a2-micro/1-5-7-price-discrimination.html,yes,5,0,,658,1,0,15,BreadcrumbList;LearningResource,no,no,no,yes,yes,yes,yes
revision-notes/aqa-a2-micro/1-5-8-the-dynamics-of-competition-and-competitive-market-processes.html,topic,AQA,Microeconomics,1.5.8,AQA A-Level Economics 1.5.8 The Dynamics of Competition,55,Free AQA A-Level Economics revision notes for unit 1.5.8. Covers the short-run and long-run benefits of competition and the process of creative destruction.,156,1.5.8 The Dynamics of Competition and Competitive Market Processes,1.5.8,The Dynamics of Competition and Competitive Market Processes,https://economicsacademy.co.uk/revision-notes/aqa-a2-micro/1-5-8-the-dynamics-of-competition-and-competitive-market-processes.html,yes,5,0,,451,0,0,13,BreadcrumbList;LearningResource,no,no,no,yes,yes,yes,yes
revision-notes/aqa-a2-micro/1-5-9-contestable-and-non-contestable-markets.html,topic,AQA,Microeconomics,1.5.9,AQA A-Level Economics 1.5.9 Contestable Markets,47,"Free AQA A-Level Economics revision notes for unit 1.5.9. Covers contestability, hit-and-run entry, barriers to entry, and sunk costs as the barrier to exit.",157,1.5.9 Contestable and Non-Contestable Markets,1.5.9,Contestable and Non-Contestable Markets,https://economicsacademy.co.uk/revision-notes/aqa-a2-micro/1-5-9-contestable-and-non-contestable-markets.html,yes,8,0,,786,1,0,15,BreadcrumbList;LearningResource,no,no,no,yes,yes,yes,yes
revision-notes/aqa-a2-micro/1-6-1-the-demand-for-labour-marginal-productivity-theory.html,topic,AQA,Microeconomics,1.6.1,AQA A-Level Economics 1.6.1 The Demand for Labour and MRP,57,"Free AQA A-Level Economics revision notes for unit 1.6.1. Covers derived demand, marginal revenue product theory, shifts in labour demand and wage elasticity.",158,"1.6.1 The Demand for Labour, Marginal Productivity Theory",1.6.1,"The Demand for Labour, Marginal Productivity Theory",https://economicsacademy.co.uk/revision-notes/aqa-a2-micro/1-6-1-the-demand-for-labour-marginal-productivity-theory.html,yes,7,0,,758,1,0,14,BreadcrumbList;LearningResource,no,no,no,yes,yes,yes,yes
revision-notes/aqa-a2-micro/1-6-2-influence-upon-the-supply-of-labour-to-different-markets.html,topic,AQA,Microeconomics,1.6.2,AQA A-Level Economics 1.6.2 The Supply of Labour,48,"AQA A-Level Economics 1.6.2 revision notes. Covers the labour supply curve, what shifts it, labour immobility and wage elasticity of supply. With diagrams.",155,1.6.2 Influence upon the Supply of Labour to Different Markets,1.6.2,Influence upon the Supply of Labour to Different Markets,https://economicsacademy.co.uk/revision-notes/aqa-a2-micro/1-6-2-influence-upon-the-supply-of-labour-to-different-markets.html,yes,7,0,,903,1,0,14,BreadcrumbList;LearningResource,no,no,no,yes,yes,yes,yes
revision-notes/aqa-a2-micro/1-6-3-wage-determination-perfectly-competitive-labour-markets.html,topic,AQA,Microeconomics,1.6.3,AQA A-Level Economics 1.6.3 Competitive Wage Determination,58,Revision notes for AQA A-Level Economics 1.6.3. Covers how market forces set the wage and level of employment in a competitive labour market. With diagrams.,156,1.6.3 The Determination of Relative Wage rates and Levels of Employment in Perfectly Competitive Labour Markets,1.6.3,The Determination of Relative Wage rates and Levels of Employment in Perfectly Competitive Labour Markets,https://economicsacademy.co.uk/revision-notes/aqa-a2-micro/1-6-3-wage-determination-perfectly-competitive-labour-markets.html,yes,4,0,,534,1,0,13,BreadcrumbList;LearningResource,no,no,no,yes,yes,yes,yes
revision-notes/aqa-a2-micro/1-6-4-wage-determination-imperfectly-competitive-labour-markets.html,topic,AQA,Microeconomics,1.6.4,AQA A-Level Economics 1.6.4 Wage Determination: Monopsony,57,Free AQA A-Level Economics revision notes for unit 1.6.4. Covers why labour markets are imperfect and how a monopsonist sets wages below the competitive level.,159,1.6.4 The Determination of Relative Wage rates and Levels of Employment in Imperfectly Competitive Labour Markets,1.6.4,The Determination of Relative Wage rates and Levels of Employment in Imperfectly Competitive Labour Markets,https://economicsacademy.co.uk/revision-notes/aqa-a2-micro/1-6-4-wage-determination-imperfectly-competitive-labour-markets.html,yes,5,0,,608,1,0,15,BreadcrumbList;LearningResource,no,no,no,yes,yes,yes,yes
revision-notes/aqa-a2-micro/1-6-5-the-influence-of-trade-unions-in-determining-wages-and-levels-of-employment.html,topic,AQA,Microeconomics,1.6.5,AQA A-Level Economics 1.6.5 Trade Unions and Wages,50,AQA A-Level Economics 1.6.5 revision notes. Covers how unions raise wages and their differing effects in competitive and monopsony markets. With diagrams.,154,1.6.5 The Influence of Trade Unions in Determining Wages and Levels of Employment,1.6.5,The Influence of Trade Unions in Determining Wages and Levels of Employment,https://economicsacademy.co.uk/revision-notes/aqa-a2-micro/1-6-5-the-influence-of-trade-unions-in-determining-wages-and-levels-of-employment.html,yes,5,0,,571,1,0,14,BreadcrumbList;LearningResource,no,no,no,yes,yes,yes,yes
revision-notes/aqa-a2-micro/1-6-6-the-national-minimum-wage.html,topic,AQA,Microeconomics,1.6.6,AQA A-Level Economics 1.6.6 The National Minimum Wage,53,AQA A-Level Economics 1.6.6 revision notes. Covers how the minimum wage is set and its effects on workers and employers in different markets. With diagrams.,156,1.6.6 The National Minimum Wage,1.6.6,The National Minimum Wage,https://economicsacademy.co.uk/revision-notes/aqa-a2-micro/1-6-6-the-national-minimum-wage.html,yes,4,0,,477,1,0,13,BreadcrumbList;LearningResource,no,no,no,yes,yes,yes,yes
revision-notes/aqa-a2-micro/1-6-7-discrimination-in-the-labour-market.html,topic,AQA,Microeconomics,1.6.7,AQA A-Level Economics 1.6.7 Labour Market Discrimination,56,"Free AQA A-Level Economics revision notes for unit 1.6.7. Covers wage discrimination, the conditions that allow it, and its impact on wages and employment.",155,1.6.7 Discrimination in the Labour Market,1.6.7,Discrimination in the Labour Market,https://economicsacademy.co.uk/revision-notes/aqa-a2-micro/1-6-7-discrimination-in-the-labour-market.html,yes,6,0,,564,0,0,14,BreadcrumbList;LearningResource,no,no,no,yes,yes,yes,yes
revision-notes/aqa-a2-micro/1-7-1-the-distribution-of-income-and-wealth.html,topic,AQA,Microeconomics,1.7.1,AQA A-Level Economics 1.7.1 Income and Wealth Distribution,58,"AQA A-Level Economics 1.7.1 revision notes. Covers income versus wealth, the Lorenz curve and Gini coefficient, and the Kuznets curve. With comparison tables.",158,1.7.1 The Distribution of Income and Wealth,1.7.1,The Distribution of Income and Wealth,https://economicsacademy.co.uk/revision-notes/aqa-a2-micro/1-7-1-the-distribution-of-income-and-wealth.html,yes,9,0,,1122,2,0,13,BreadcrumbList;LearningResource,no,no,no,yes,yes,yes,yes
revision-notes/aqa-a2-micro/1-7-2-the-problem-of-poverty.html,topic,AQA,Microeconomics,1.7.2,AQA A-Level Economics 1.7.2 The Problem of Poverty,50,"Free AQA A-Level Economics revision notes for unit 1.7.2. Covers absolute and relative poverty, the poverty trap, and the economic consequences of poverty.",155,1.7.2 The Problem of Poverty,1.7.2,The Problem of Poverty,https://economicsacademy.co.uk/revision-notes/aqa-a2-micro/1-7-2-the-problem-of-poverty.html,yes,6,0,,520,0,0,13,BreadcrumbList;LearningResource,no,no,no,yes,yes,yes,yes
revision-notes/aqa-a2-micro/1-7-3-government-policies-poverty-income-distribution.html,topic,AQA,Microeconomics,1.7.3,AQA A-Level Economics 1.7.3 Policies to Reduce Poverty,54,"Free AQA A-Level Economics revision notes for unit 1.7.3. Covers taxes, benefits, the minimum wage, education and public services, with evaluation of each.",155,1.7.3 Government Policies to Alleviate Poverty and to Influence the Distribution of Income and Wealth,1.7.3,Government Policies to Alleviate Poverty and to Influence the Distribution of Income and Wealth,https://economicsacademy.co.uk/revision-notes/aqa-a2-micro/1-7-3-government-policies-poverty-income-distribution.html,yes,5,0,,567,0,0,13,BreadcrumbList;LearningResource,no,no,no,yes,yes,yes,yes
revision-notes/aqa-a2-micro/1-8-1-how-markets-and-prices-allocate-resources.html,topic,AQA,Microeconomics,1.8.1,AQA A-Level Economics 1.8.1 How Prices Allocate Resources,57,"Revision notes for AQA A-Level Economics 1.8.1. Covers the rationing, incentive and signalling functions of prices, and the limits of markets. With diagrams.",157,1.8.1 How Markets and Prices Allocate Resources,1.8.1,How Markets and Prices Allocate Resources,https://economicsacademy.co.uk/revision-notes/aqa-a2-micro/1-8-1-how-markets-and-prices-allocate-resources.html,yes,7,0,,890,2,0,13,BreadcrumbList;LearningResource,no,no,no,yes,yes,yes,yes
revision-notes/aqa-a2-micro/1-8-10-government-failure.html,topic,AQA,Microeconomics,1.8.10,AQA A-Level Economics 1.8.10 Government Failure,47,Free AQA A-Level Economics revision notes for unit 1.8.10. Covers how intervention meant to correct market failure can create a larger net welfare loss.,152,1.8.10 Government Failure,1.8.10,Government Failure,https://economicsacademy.co.uk/revision-notes/aqa-a2-micro/1-8-10-government-failure.html,yes,5,0,,531,0,0,15,BreadcrumbList;LearningResource,no,no,no,yes,yes,yes,yes
revision-notes/aqa-a2-micro/1-8-2-the-meaning-of-market-failure.html,topic,AQA,Microeconomics,1.8.2,AQA A-Level Economics 1.8.2 The Meaning of Market Failure,57,"Free AQA A-Level Economics revision notes for unit 1.8.2. Covers what market failure means and its main causes across goods, information and monopoly power.",156,1.8.2 The Meaning of Market Failure,1.8.2,The Meaning of Market Failure,https://economicsacademy.co.uk/revision-notes/aqa-a2-micro/1-8-2-the-meaning-of-market-failure.html,yes,5,0,,748,0,0,16,BreadcrumbList;LearningResource,no,no,no,yes,yes,yes,yes
revision-notes/aqa-a2-micro/1-8-3-public-goods-private-goods-and-quasi-public-goods.html,topic,AQA,Microeconomics,1.8.3,AQA A-Level Economics 1.8.3 Public and Quasi-Public Goods,57,"Free AQA A-Level Economics revision notes for unit 1.8.3. Covers non-excludability and non-rivalry, the free rider problem and the tragedy of the commons.",154,"1.8.3 Public Goods, Private Goods and Quasi-Public Goods",1.8.3,"Public Goods, Private Goods and Quasi-Public Goods",https://economicsacademy.co.uk/revision-notes/aqa-a2-micro/1-8-3-public-goods-private-goods-and-quasi-public-goods.html,yes,8,0,,774,0,0,14,BreadcrumbList;LearningResource,no,no,no,yes,yes,yes,yes
revision-notes/aqa-a2-micro/1-8-4-positive-and-negative-externalities-in-consumption-and-production.html,topic,AQA,Microeconomics,1.8.4,AQA A-Level Economics 1.8.4 Externalities,41,"AQA A-Level Economics 1.8.4 revision notes. Covers external costs and benefits in production and consumption, welfare loss and intervention. With diagrams.",155,1.8.4 Positive and Negative Externalities in Consumption and Production,1.8.4,Positive and Negative Externalities in Consumption and Production,https://economicsacademy.co.uk/revision-notes/aqa-a2-micro/1-8-4-positive-and-negative-externalities-in-consumption-and-production.html,yes,9,0,,1677,4,0,15,BreadcrumbList;LearningResource,no,no,no,yes,yes,yes,yes
revision-notes/aqa-a2-micro/1-8-5-merit-and-demerit-goods.html,topic,AQA,Microeconomics,1.8.5,AQA A-Level Economics 1.8.5 Merit and Demerit Goods,51,Free AQA A-Level Economics revision notes for unit 1.8.5. Covers why merit and demerit goods are over- or under-consumed and the role of imperfect information.,159,1.8.5 Merit and Demerit Goods,1.8.5,Merit and Demerit Goods,https://economicsacademy.co.uk/revision-notes/aqa-a2-micro/1-8-5-merit-and-demerit-goods.html,yes,6,0,,1085,4,0,15,BreadcrumbList;LearningResource,no,no,no,yes,yes,yes,yes
revision-notes/aqa-a2-micro/1-8-6-market-imperfections.html,topic,AQA,Microeconomics,1.8.6,AQA A-Level Economics 1.8.6 Market Imperfections,48,"Free AQA A-Level Economics revision notes for unit 1.8.6. Covers asymmetric information, monopoly power and factor immobility as sources of market failure.",155,1.8.6 Market Imperfections,1.8.6,Market Imperfections,https://economicsacademy.co.uk/revision-notes/aqa-a2-micro/1-8-6-market-imperfections.html,yes,6,0,,785,0,0,15,BreadcrumbList;LearningResource,no,no,no,yes,yes,yes,yes
revision-notes/aqa-a2-micro/1-8-7-competition-policy.html,topic,AQA,Microeconomics,1.8.7,AQA A-Level Economics 1.8.7 Competition Policy,46,"Free AQA A-Level Economics revision notes for unit 1.8.7. Covers the aims of competition policy, control of monopolies and mergers, and policy evaluation.",154,1.8.7 Competition Policy,1.8.7,Competition Policy,https://economicsacademy.co.uk/revision-notes/aqa-a2-micro/1-8-7-competition-policy.html,yes,9,0,,1452,0,0,13,BreadcrumbList;LearningResource,no,no,no,yes,yes,yes,yes
revision-notes/aqa-a2-micro/1-8-8-public-ownership-privatisation-regulation-and-deregulation-of-markets.html,topic,AQA,Microeconomics,1.8.8,AQA A-Level Economics 1.8.8 Privatisation and Regulation,56,"Revision notes for AQA A-Level Economics 1.8.8. Covers public ownership versus privatisation, regulation, deregulation and regulatory capture. With diagrams.",157,"1.8.8 Public Ownership, Privatisation, Regulation and Deregulation of Markets",1.8.8,"Public Ownership, Privatisation, Regulation and Deregulation of Markets",https://economicsacademy.co.uk/revision-notes/aqa-a2-micro/1-8-8-public-ownership-privatisation-regulation-and-deregulation-of-markets.html,yes,6,0,,982,1,0,15,BreadcrumbList;LearningResource,no,no,no,yes,yes,yes,yes
revision-notes/aqa-a2-micro/1-8-9-government-intervention-in-markets.html,topic,AQA,Microeconomics,1.8.9,AQA A-Level Economics 1.8.9 Government Intervention,51,"AQA A-Level Economics 1.8.9 revision notes. Covers indirect taxes, subsidies, maximum and minimum prices and other corrective tools. With annotated diagrams.",157,1.8.9 Government Intervention in Markets,1.8.9,Government Intervention in Markets,https://economicsacademy.co.uk/revision-notes/aqa-a2-micro/1-8-9-government-intervention-in-markets.html,yes,9,0,,1265,4,0,16,BreadcrumbList;LearningResource,no,no,no,yes,yes,yes,yes
revision-notes/aqa-a2-micro/index.html,hub,AQA,Microeconomics,,"AQA A-Level Microeconomics Revision Notes | Individuals, Firms, Markets & Market Failure | Economics Academy",108,"Free AQA A-Level Economics microeconomics revision notes — individual decision making, price determination, market structures, labour markets, and government intervention. Every topic covered, with links to detailed notes on each subtopic.",239,"AQA A-Level Microeconomics — Individuals, Firms, Markets and Market Failure",,"AQA A-Level Microeconomics — Individuals, Firms, Markets and Market Failure",https://economicsacademy.co.uk/revision-notes/aqa-a2-micro/,yes,9,0,,583,0,0,62,BreadcrumbList;LearningResource,no,no,no,yes,no,no,no
revision-notes/edexcel-theme-1/1-1-1-economics-as-a-social-science.html,topic,Edexcel,Theme 1,1.1.1,Edexcel A-Level Economics 1.1.1 The Nature of Economics,55,"Edexcel A-Level Economics 1.1.1 revision notes. Covers how economists build models, the role of assumptions and of ceteris paribus. Includes evaluation points.",159,Economics as a Social Science,,Economics as a Social Science,https://economicsacademy.co.uk/revision-notes/edexcel-theme-1/1-1-1-economics-as-a-social-science.html,yes,6,0,,549,0,0,12,BreadcrumbList;LearningResource,no,no,no,yes,yes,yes,yes
revision-notes/edexcel-theme-1/1-1-2-positive-normative-statements.html,topic,Edexcel,Theme 1,1.1.2,Edexcel A-Level Economics 1.1.2 Positive vs Normative,53,Free Edexcel A-Level Economics revision notes for unit 1.1.2. Covers fact-based versus value-based claims and the role of value judgements in shaping policy.,157,Positive and Normative Statements,,Positive and Normative Statements,https://economicsacademy.co.uk/revision-notes/edexcel-theme-1/1-1-2-positive-normative-statements.html,yes,6,0,,450,0,0,13,BreadcrumbList;LearningResource,no,no,no,yes,yes,yes,yes
revision-notes/edexcel-theme-1/1-1-3-the-economic-problem.html,topic,Edexcel,Theme 1,1.1.3,Edexcel A-Level Economics 1.1.3 The Economic Problem,52,"Revision notes for Edexcel A-Level Economics 1.1.3. Covers scarcity, the factors of production, opportunity cost, and renewable versus non-renewable resources.",159,The Economic Problem,,The Economic Problem,https://economicsacademy.co.uk/revision-notes/edexcel-theme-1/1-1-3-the-economic-problem.html,yes,7,0,,485,0,0,13,BreadcrumbList;LearningResource,no,no,no,yes,yes,yes,yes
revision-notes/edexcel-theme-1/1-1-4-production-possibility-frontiers.html,topic,Edexcel,Theme 1,1.1.4,Edexcel A-Level Economics 1.1.4 Production Possibility Frontiers,64,"Revision notes for Edexcel A-Level Economics 1.1.4. Covers movements along versus shifts of the PPF, capital versus consumer goods and productive efficiency.",157,Production Possibility Frontiers,,Production Possibility Frontiers,https://economicsacademy.co.uk/revision-notes/edexcel-theme-1/1-1-4-production-possibility-frontiers.html,yes,5,0,,705,2,0,14,BreadcrumbList;LearningResource,no,no,no,yes,yes,yes,yes
revision-notes/edexcel-theme-1/1-1-5-specialisation-division-of-labour.html,topic,Edexcel,Theme 1,1.1.5,Edexcel A-Level Economics 1.1.5 Division of Labour,50,"Free Edexcel A-Level Economics revision notes (1.1.5). Covers Adam Smith's pin factory, the gains and drawbacks of specialising, and the functions of money.",156,Specialisation and the Division of Labour,,Specialisation and the Division of Labour,https://economicsacademy.co.uk/revision-notes/edexcel-theme-1/1-1-5-specialisation-division-of-labour.html,yes,6,0,,607,0,0,12,BreadcrumbList;LearningResource,no,no,no,yes,yes,yes,yes
revision-notes/edexcel-theme-1/1-1-6-types-of-economies.html,topic,Edexcel,Theme 1,1.1.6,Edexcel A-Level Economics 1.1.6 Types of Economies,50,"Free Edexcel A-Level Economics revision notes for unit 1.1.6. Covers free market, mixed and command economies, and the trade-off between efficiency and equity.",159,Types of Economies,,Types of Economies,https://economicsacademy.co.uk/revision-notes/edexcel-theme-1/1-1-6-types-of-economies.html,yes,7,0,,544,0,0,12,BreadcrumbList;LearningResource,no,no,no,yes,yes,yes,yes
revision-notes/edexcel-theme-1/1-2-1-rational-decision-making.html,topic,Edexcel,Theme 1,1.2.1,Edexcel A-Level Economics 1.2.1 Rational Decision Making,56,Revision notes for Edexcel A-Level Economics 1.2.1. Covers the rationality assumption for consumers and firms and how behavioural economics challenges it.,154,Rational Decision Making,,Rational Decision Making,https://economicsacademy.co.uk/revision-notes/edexcel-theme-1/1-2-1-rational-decision-making.html,yes,6,0,,442,0,0,13,BreadcrumbList;LearningResource,no,no,no,yes,yes,yes,yes
revision-notes/edexcel-theme-1/1-2-10-alternative-views-of-consumer-behaviour.html,topic,Edexcel,Theme 1,1.2.10,Edexcel A-Level Economics 1.2.10 Consumer Behaviour,51,"Free Edexcel A-Level Economics revision notes (1.2.10). Covers herding, inertia, habit and bounded rationality, and what they mean for the rational model.",154,Alternative Views of Consumer Behaviour,,Alternative Views of Consumer Behaviour,https://economicsacademy.co.uk/revision-notes/edexcel-theme-1/1-2-10-alternative-views-of-consumer-behaviour.html,yes,6,0,,647,0,0,14,BreadcrumbList;LearningResource,no,no,no,yes,yes,yes,yes
revision-notes/edexcel-theme-1/1-2-2-demand.html,topic,Edexcel,Theme 1,1.2.2,Edexcel A-Level Economics 1.2.2 Demand,38,"Free Edexcel A-Level Economics revision notes for unit 1.2.2. Covers the law of demand, the conditions that shift the curve, and diminishing marginal utility.",158,Demand,,Demand,https://economicsacademy.co.uk/revision-notes/edexcel-theme-1/1-2-2-demand.html,yes,7,0,,708,2,0,14,BreadcrumbList;LearningResource,no,no,no,yes,yes,yes,yes
revision-notes/edexcel-theme-1/1-2-3-price-income-cross-elasticities-of-demand.html,topic,Edexcel,Theme 1,1.2.3,"Edexcel A-Level Economics 1.2.3 PED, YED and XED",48,Free Edexcel A-Level Economics revision notes (1.2.3). Covers the three elasticity formulas with worked calculations and what the values mean for pricing.,154,"Price, Income and Cross Elasticities of Demand",,"Price, Income and Cross Elasticities of Demand",https://economicsacademy.co.uk/revision-notes/edexcel-theme-1/1-2-3-price-income-cross-elasticities-of-demand.html,yes,7,0,,1041,1,0,15,BreadcrumbList;LearningResource,no,no,no,yes,yes,yes,yes
revision-notes/edexcel-theme-1/1-2-4-supply.html,topic,Edexcel,Theme 1,1.2.4,Edexcel A-Level Economics 1.2.4 Supply,38,"Revision notes for Edexcel A-Level Economics 1.2.4. Covers the law of supply, movements versus shifts, and how costs, technology and taxation change supply.",156,Supply,,Supply,https://economicsacademy.co.uk/revision-notes/edexcel-theme-1/1-2-4-supply.html,yes,5,0,,622,2,0,13,BreadcrumbList;LearningResource,no,no,no,yes,yes,yes,yes
revision-notes/edexcel-theme-1/1-2-5-price-elasticity-of-supply.html,topic,Edexcel,Theme 1,1.2.5,Edexcel A-Level Economics 1.2.5 Price Elasticity of Supply,58,"Free Edexcel A-Level Economics revision notes (1.2.5). Covers the PES formula, interpreting values, its determinants and the short-run/long-run distinction.",156,Price Elasticity of Supply,,Price Elasticity of Supply,https://economicsacademy.co.uk/revision-notes/edexcel-theme-1/1-2-5-price-elasticity-of-supply.html,yes,7,0,,808,1,0,14,BreadcrumbList;LearningResource,no,no,no,yes,yes,yes,yes
revision-notes/edexcel-theme-1/1-2-6-price-determination.html,topic,Edexcel,Theme 1,1.2.6,Edexcel A-Level Economics 1.2.6 Price Determination,51,"Free Edexcel A-Level Economics revision notes (1.2.6). Covers equilibrium price and quantity, excess demand and supply, and how shifts move the equilibrium.",156,Price Determination,,Price Determination,https://economicsacademy.co.uk/revision-notes/edexcel-theme-1/1-2-6-price-determination.html,yes,6,0,,703,4,0,14,BreadcrumbList;LearningResource,no,no,no,yes,yes,yes,yes
revision-notes/edexcel-theme-1/1-2-7-price-mechanism.html,topic,Edexcel,Theme 1,1.2.7,Edexcel A-Level Economics 1.2.7 The Price Mechanism,51,"Free Edexcel A-Level Economics revision notes (1.2.7). Covers the rationing, incentive and signalling functions and how prices allocate scarce resources.",153,The Price Mechanism,,The Price Mechanism,https://economicsacademy.co.uk/revision-notes/edexcel-theme-1/1-2-7-price-mechanism.html,yes,5,0,,661,2,0,13,BreadcrumbList;LearningResource,no,no,no,yes,yes,yes,yes
revision-notes/edexcel-theme-1/1-2-8-producer-consumer-surplus.html,topic,Edexcel,Theme 1,1.2.8,Edexcel A-Level Economics 1.2.8 Consumer and Producer Surplus,61,"Revision notes for Edexcel A-Level Economics 1.2.8. Covers identifying and shading surplus areas and how taxes, subsidies and price controls redistribute it.",157,Producer and Consumer Surplus,,Producer and Consumer Surplus,https://economicsacademy.co.uk/revision-notes/edexcel-theme-1/1-2-8-producer-consumer-surplus.html,yes,5,0,,791,3,0,13,BreadcrumbList;LearningResource,no,no,no,yes,yes,yes,yes
revision-notes/edexcel-theme-1/1-2-9-indirect-taxes-subsidies.html,topic,Edexcel,Theme 1,1.2.9,Edexcel A-Level Economics 1.2.9 Indirect Taxes and Subsidies,60,"Revision notes for Edexcel A-Level Economics 1.2.9. Covers how taxes and subsidies shift supply, tax incidence, and the role of PED in who bears the burden.",156,Indirect Taxes and Subsidies,,Indirect Taxes and Subsidies,https://economicsacademy.co.uk/revision-notes/edexcel-theme-1/1-2-9-indirect-taxes-subsidies.html,yes,8,0,,923,3,0,14,BreadcrumbList;LearningResource,no,no,no,yes,yes,yes,yes
revision-notes/edexcel-theme-1/1-3-1-types-of-market-failure.html,topic,Edexcel,Theme 1,1.3.1,Edexcel A-Level Economics 1.3.1 Types of Market Failure,55,"Revision notes for Edexcel A-Level Economics 1.3.1. Covers why free markets misallocate resources through externalities, public goods and information gaps.",155,Types of Market Failure,,Types of Market Failure,https://economicsacademy.co.uk/revision-notes/edexcel-theme-1/1-3-1-types-of-market-failure.html,yes,5,0,,585,0,0,16,BreadcrumbList;LearningResource,no,no,no,yes,yes,yes,yes
revision-notes/edexcel-theme-1/1-3-2-externalities.html,topic,Edexcel,Theme 1,1.3.2,Edexcel A-Level Economics 1.3.2 Externalities,45,"Free Edexcel A-Level Economics revision notes (1.3.2). Covers external costs and benefits, private versus social costs, welfare loss and the social optimum.",156,Externalities,,Externalities,https://economicsacademy.co.uk/revision-notes/edexcel-theme-1/1-3-2-externalities.html,yes,7,0,,1536,2,0,14,BreadcrumbList;LearningResource,no,no,no,yes,yes,yes,yes
revision-notes/edexcel-theme-1/1-3-3-public-goods.html,topic,Edexcel,Theme 1,1.3.3,Edexcel A-Level Economics 1.3.3 Public Goods,44,"Free Edexcel A-Level Economics revision notes (1.3.3). Covers non-excludability and non-rivalry, the free rider problem and the case for state provision.",153,Public Goods,,Public Goods,https://economicsacademy.co.uk/revision-notes/edexcel-theme-1/1-3-3-public-goods.html,yes,5,0,,399,0,0,12,BreadcrumbList;LearningResource,no,no,no,yes,yes,yes,yes
revision-notes/edexcel-theme-1/1-3-4-information-gaps.html,topic,Edexcel,Theme 1,1.3.4,Edexcel A-Level Economics 1.3.4 Information Gaps,48,"Free Edexcel A-Level Economics revision notes (1.3.4). Covers asymmetric information, adverse selection and moral hazard, and the resulting market failure.",155,Information Gaps,,Information Gaps,https://economicsacademy.co.uk/revision-notes/edexcel-theme-1/1-3-4-information-gaps.html,yes,6,0,,544,0,0,14,BreadcrumbList;LearningResource,no,no,no,yes,yes,yes,yes
revision-notes/edexcel-theme-1/1-4-1-government-intervention-in-markets.html,topic,Edexcel,Theme 1,1.4.1,Edexcel A-Level Economics 1.4.1 Government Intervention,55,"Free Edexcel A-Level Economics revision notes (1.4.1). Covers indirect taxes, subsidies, maximum and minimum prices, regulation and information provision.",154,Government Intervention in Markets,,Government Intervention in Markets,https://economicsacademy.co.uk/revision-notes/edexcel-theme-1/1-4-1-government-intervention-in-markets.html,yes,9,0,,1287,4,0,17,BreadcrumbList;LearningResource,no,no,no,yes,yes,yes,yes
revision-notes/edexcel-theme-1/1-4-2-government-failure.html,topic,Edexcel,Theme 1,1.4.2,Edexcel A-Level Economics 1.4.2 Government Failure,50,Free Edexcel A-Level Economics revision notes for unit 1.4.2. Covers how intervention can worsen outcomes through distorted incentives and regulatory capture.,158,Government Failure,,Government Failure,https://economicsacademy.co.uk/revision-notes/edexcel-theme-1/1-4-2-government-failure.html,yes,4,0,,504,0,0,13,BreadcrumbList;LearningResource,no,no,no,yes,yes,yes,yes
revision-notes/edexcel-theme-1/index.html,hub,Edexcel,Theme 1,,Edexcel Theme 1 Revision Notes | Markets & Market Failure | Economics Academy,77,"Free Edexcel A-Level Economics Theme 1 revision notes — markets, market failure, and government intervention. Every topic covered, with links to detailed notes on each subtopic.",177,Edexcel Theme 1: Introduction to Markets and Market Failure,,Edexcel Theme 1: Introduction to Markets and Market Failure,https://economicsacademy.co.uk/revision-notes/edexcel-theme-1/,yes,5,0,,284,0,0,30,BreadcrumbList;LearningResource,no,no,no,yes,no,yes,no
revision-notes/edexcel-theme-2/2-1-1-economic-growth.html,topic,Edexcel,Theme 2,2.1.1,Edexcel A-Level Economics 2.1.1 Economic Growth,47,"Free Edexcel A-Level Economics revision notes for unit 2.1.1. Covers the expenditure and income methods, nominal versus real GDP, GDP per capita, GNI and PPP.",158,Economic Growth,,Economic Growth,https://economicsacademy.co.uk/revision-notes/edexcel-theme-2/2-1-1-economic-growth.html,yes,7,0,,674,0,0,14,BreadcrumbList;LearningResource,no,no,no,yes,yes,yes,yes
revision-notes/edexcel-theme-2/2-1-2-inflation.html,topic,Edexcel,Theme 2,2.1.2,Edexcel A-Level Economics 2.1.2 Inflation,41,"Edexcel A-Level Economics 2.1.2 revision notes. Covers CPI and RPI measurement, the limits of CPI, and demand-pull versus cost-push inflation. With diagrams.",157,Inflation,,Inflation,https://economicsacademy.co.uk/revision-notes/edexcel-theme-2/2-1-2-inflation.html,yes,9,0,,1221,2,0,16,BreadcrumbList;LearningResource,no,no,no,yes,yes,yes,yes
revision-notes/edexcel-theme-2/2-1-3-employment-unemployment.html,topic,Edexcel,Theme 2,2.1.3,Edexcel A-Level Economics 2.1.3 Employment and Unemployment,59,"Revision notes for Edexcel A-Level Economics 2.1.3. Covers how unemployment is measured, its types and causes, and the effect of migration on the labour market.",160,Employment and Unemployment,,Employment and Unemployment,https://economicsacademy.co.uk/revision-notes/edexcel-theme-2/2-1-3-employment-unemployment.html,yes,9,0,,1013,0,0,13,BreadcrumbList;LearningResource,no,no,no,yes,yes,yes,yes
revision-notes/edexcel-theme-2/2-1-4-balance-of-payments.html,topic,Edexcel,Theme 2,2.1.4,Edexcel A-Level Economics 2.1.4 Balance of Payments,51,"Revision notes for Edexcel A-Level Economics 2.1.4. Covers the structure of the accounts, the current account, and the trade-offs in correcting imbalances.",155,Balance of Payments,,Balance of Payments,https://economicsacademy.co.uk/revision-notes/edexcel-theme-2/2-1-4-balance-of-payments.html,yes,7,0,,859,0,0,13,BreadcrumbList;LearningResource,no,no,no,yes,yes,yes,yes
revision-notes/edexcel-theme-2/2-2-1-aggregate-demand.html,topic,Edexcel,Theme 2,2.2.1,Edexcel A-Level Economics 2.2.1 Aggregate Demand,48,"Free Edexcel A-Level Economics revision notes for unit 2.2.1. Covers the AD formula, the relative weight of each component, and movements versus shifts of AD.",158,Aggregate Demand,,Aggregate Demand,https://economicsacademy.co.uk/revision-notes/edexcel-theme-2/2-2-1-aggregate-demand.html,yes,8,0,,882,2,0,15,BreadcrumbList;LearningResource,no,no,no,yes,yes,yes,yes
revision-notes/edexcel-theme-2/2-2-2-consumption.html,topic,Edexcel,Theme 2,2.2.2,Edexcel A-Level Economics 2.2.2 Consumption,43,"Free Edexcel A-Level Economics revision notes (2.2.2). Covers disposable income, the savings relationship, interest rates, wealth effects and confidence.",153,Consumption,,Consumption,https://economicsacademy.co.uk/revision-notes/edexcel-theme-2/2-2-2-consumption.html,yes,6,0,,623,0,0,14,BreadcrumbList;LearningResource,no,no,no,yes,yes,yes,yes
revision-notes/edexcel-theme-2/2-2-3-investment.html,topic,Edexcel,Theme 2,2.2.3,Edexcel A-Level Economics 2.2.3 Investment,42,"Revision notes for Edexcel A-Level Economics 2.2.3. Covers gross versus net investment, the influences on investment decisions and the accelerator effect.",154,Investment,,Investment,https://economicsacademy.co.uk/revision-notes/edexcel-theme-2/2-2-3-investment.html,yes,6,0,,692,0,0,14,BreadcrumbList;LearningResource,no,no,no,yes,yes,yes,yes
revision-notes/edexcel-theme-2/2-2-4-government-expenditure.html,topic,Edexcel,Theme 2,2.2.4,Edexcel A-Level Economics 2.2.4 Government Expenditure,54,"Free Edexcel A-Level Economics revision notes (2.2.4). Covers the role of state spending in AD, automatic stabilisers, and the effect on the budget deficit.",156,Government Expenditure,,Government Expenditure,https://economicsacademy.co.uk/revision-notes/edexcel-theme-2/2-2-4-government-expenditure.html,yes,6,0,,514,0,0,15,BreadcrumbList;LearningResource,no,no,no,yes,yes,yes,yes
revision-notes/edexcel-theme-2/2-2-5-net-trade.html,topic,Edexcel,Theme 2,2.2.5,Edexcel A-Level Economics 2.2.5 Net Trade,41,"Free Edexcel A-Level Economics revision notes for unit 2.2.5. Covers exports and imports, exchange rates, protectionism, and the Marshall-Lerner condition.",155,Net Trade,,Net Trade,https://economicsacademy.co.uk/revision-notes/edexcel-theme-2/2-2-5-net-trade.html,yes,4,0,,692,0,0,13,BreadcrumbList;LearningResource,no,no,no,yes,yes,yes,yes
revision-notes/edexcel-theme-2/2-3-1-aggregate-supply.html,topic,Edexcel,Theme 2,2.3.1,Edexcel A-Level Economics 2.3.1 Aggregate Supply,48,"Free Edexcel A-Level Economics revision notes for unit 2.3.1. Covers SRAS and LRAS, why SRAS slopes upward, and the Classical and Keynesian views of the curve.",159,Aggregate Supply,,Aggregate Supply,https://economicsacademy.co.uk/revision-notes/edexcel-theme-2/2-3-1-aggregate-supply.html,yes,7,0,,593,3,0,13,BreadcrumbList;LearningResource,no,no,no,yes,yes,yes,yes
revision-notes/edexcel-theme-2/2-3-2-short-run-aggregate-supply.html,topic,Edexcel,Theme 2,2.3.2,Edexcel A-Level Economics 2.3.2 Short-Run Aggregate Supply,58,"Free Edexcel A-Level Economics revision notes (2.3.2). Covers the shape of SRAS, the causes of shifts, and how cost-push shocks change output and prices.",153,Short-Run Aggregate Supply,,Short-Run Aggregate Supply,https://economicsacademy.co.uk/revision-notes/edexcel-theme-2/2-3-2-short-run-aggregate-supply.html,yes,6,0,,654,2,0,14,BreadcrumbList;LearningResource,no,no,no,yes,yes,yes,yes
revision-notes/edexcel-theme-2/2-3-3-long-run-aggregate-supply.html,topic,Edexcel,Theme 2,2.3.3,Edexcel A-Level Economics 2.3.3 Long-Run Aggregate Supply,57,"Free Edexcel A-Level Economics revision notes for unit 2.3.3. Covers the Classical vertical LRAS, the Keynesian L-shape, and how supply-side policy shifts it.",158,Long-Run Aggregate Supply,,Long-Run Aggregate Supply,https://economicsacademy.co.uk/revision-notes/edexcel-theme-2/2-3-3-long-run-aggregate-supply.html,yes,5,0,,809,3,0,14,BreadcrumbList;LearningResource,no,no,no,yes,yes,yes,yes
revision-notes/edexcel-theme-2/2-4-1-national-income.html,topic,Edexcel,Theme 2,2.4.1,Edexcel A-Level Economics 2.4.1 National Income,47,"Free Edexcel A-Level Economics revision notes (2.4.1). Covers the circular flow, the equilibrium condition, and income as a flow versus wealth as a stock.",154,National Income,,National Income,https://economicsacademy.co.uk/revision-notes/edexcel-theme-2/2-4-1-national-income.html,yes,6,0,,657,1,0,13,BreadcrumbList;LearningResource,no,no,no,yes,yes,yes,yes
revision-notes/edexcel-theme-2/2-4-2-injections-withdrawals.html,topic,Edexcel,Theme 2,2.4.2,Edexcel A-Level Economics 2.4.2 Injections and Withdrawals,58,"Free Edexcel A-Level Economics revision notes (2.4.2). Covers investment, spending and exports against saving, taxation and imports in the circular flow.",153,Injections and Withdrawals,,Injections and Withdrawals,https://economicsacademy.co.uk/revision-notes/edexcel-theme-2/2-4-2-injections-withdrawals.html,yes,7,0,,561,1,0,14,BreadcrumbList;LearningResource,no,no,no,yes,yes,yes,yes
revision-notes/edexcel-theme-2/2-4-3-equilibrium-levels-of-real-national-output.html,topic,Edexcel,Theme 2,2.4.3,Edexcel A-Level Economics 2.4.3 Equilibrium National Output,59,Free Edexcel A-Level Economics revision notes (2.4.3). Covers short-run and long-run equilibrium and how Classical and Keynesian models differ on AD shifts.,156,Equilibrium Levels of Real National Output,,Equilibrium Levels of Real National Output,https://economicsacademy.co.uk/revision-notes/edexcel-theme-2/2-4-3-equilibrium-levels-of-real-national-output.html,yes,7,0,,603,6,0,14,BreadcrumbList;LearningResource,no,no,no,yes,yes,yes,yes
revision-notes/edexcel-theme-2/2-4-4-the-multiplier.html,topic,Edexcel,Theme 2,2.4.4,Edexcel A-Level Economics 2.4.4 The Multiplier,46,"Free Edexcel A-Level Economics revision notes for unit 2.4.4. Covers how the multiplier works, marginal propensities, the formula and what determines its size.",159,The Multiplier,,The Multiplier,https://economicsacademy.co.uk/revision-notes/edexcel-theme-2/2-4-4-the-multiplier.html,yes,9,0,,897,1,0,14,BreadcrumbList;LearningResource,no,no,no,yes,yes,yes,yes
revision-notes/edexcel-theme-2/2-5-1-causes-of-growth.html,topic,Edexcel,Theme 2,2.5.1,Edexcel A-Level Economics 2.5.1 Causes of Growth,48,"Edexcel A-Level Economics 2.5.1 revision notes. Covers actual versus potential growth, short-run and long-run causes, and export-led growth. With diagrams.",155,Causes of Growth,,Causes of Growth,https://economicsacademy.co.uk/revision-notes/edexcel-theme-2/2-5-1-causes-of-growth.html,yes,8,0,,794,4,0,15,BreadcrumbList;LearningResource,no,no,no,yes,yes,yes,yes
revision-notes/edexcel-theme-2/2-5-2-output-gaps.html,topic,Edexcel,Theme 2,2.5.2,Edexcel A-Level Economics 2.5.2 Output Gaps,43,"Free Edexcel A-Level Economics revision notes (2.5.2). Covers negative and positive output gaps, the two economic views, and why gaps are hard to measure.",154,Output Gaps,,Output Gaps,https://economicsacademy.co.uk/revision-notes/edexcel-theme-2/2-5-2-output-gaps.html,yes,9,0,,797,3,0,14,BreadcrumbList;LearningResource,no,no,no,yes,yes,yes,yes
revision-notes/edexcel-theme-2/2-5-3-trade-cycle.html,topic,Edexcel,Theme 2,2.5.3,Edexcel A-Level Economics 2.5.3 The Trade Cycle,47,"Free Edexcel A-Level Economics revision notes (2.5.3). Covers the stages of the cycle, the character of booms and recessions, and demand-side stabilisation.",156,The Trade Cycle,,The Trade Cycle,https://economicsacademy.co.uk/revision-notes/edexcel-theme-2/2-5-3-trade-cycle.html,yes,8,0,,728,1,0,14,BreadcrumbList;LearningResource,no,no,no,yes,yes,yes,yes
revision-notes/edexcel-theme-2/2-5-4-the-impact-of-economic-growth.html,topic,Edexcel,Theme 2,2.5.4,Edexcel A-Level Economics 2.5.4 Impact of Economic Growth,57,Free Edexcel A-Level Economics revision notes (2.5.4). Covers the benefits and costs of growth and its conflict with sustainability and greater equality.,153,The Impact of Economic Growth,,The Impact of Economic Growth,https://economicsacademy.co.uk/revision-notes/edexcel-theme-2/2-5-4-the-impact-of-economic-growth.html,yes,6,0,,532,0,0,13,BreadcrumbList;LearningResource,no,no,no,yes,yes,yes,yes
revision-notes/edexcel-theme-2/2-6-1-possible-macroeconomic-objectives.html,topic,Edexcel,Theme 2,2.6.1,Edexcel A-Level Economics 2.6.1 Macroeconomic Objectives,56,"Free Edexcel A-Level Economics revision notes (2.6.1). Covers growth, unemployment, inflation, the current account, the fiscal balance and the environment.",155,Possible Macroeconomic Objectives,,Possible Macroeconomic Objectives,https://economicsacademy.co.uk/revision-notes/edexcel-theme-2/2-6-1-possible-macroeconomic-objectives.html,yes,10,0,,523,0,0,15,BreadcrumbList;LearningResource,no,no,no,yes,yes,yes,yes
revision-notes/edexcel-theme-2/2-6-2-demand-side-policies.html,topic,Edexcel,Theme 2,2.6.2,Edexcel A-Level Economics 2.6.2 Demand-Side Policies,52,"Free Edexcel A-Level Economics revision notes for unit 2.6.2. Covers monetary and fiscal policy, the transmission mechanism and the government budget position.",159,Demand-Side Policies,,Demand-Side Policies,https://economicsacademy.co.uk/revision-notes/edexcel-theme-2/2-6-2-demand-side-policies.html,yes,13,0,,2046,2,0,17,BreadcrumbList;LearningResource,no,no,no,yes,yes,yes,yes
revision-notes/edexcel-theme-2/2-6-3-supply-side-policies.html,topic,Edexcel,Theme 2,2.6.3,Edexcel A-Level Economics 2.6.3 Supply-Side Policies,52,Edexcel A-Level Economics 2.6.3 revision notes. Covers market-based and interventionist policies and their effect on the productive potential of the economy.,157,Supply-Side Policies,,Supply-Side Policies,https://economicsacademy.co.uk/revision-notes/edexcel-theme-2/2-6-3-supply-side-policies.html,yes,7,0,,1461,2,0,17,BreadcrumbList;LearningResource,no,no,no,yes,yes,yes,yes
revision-notes/edexcel-theme-2/2-6-4-conflicts-between-objectives-and-policies.html,topic,Edexcel,Theme 2,2.6.4,Edexcel A-Level Economics 2.6.4 Conflicts Between Objectives,60,"Revision notes for Edexcel A-Level Economics 2.6.4. Covers why objectives conflict, growth versus inflation, and the short-run Phillips curve. With diagrams.",157,Conflicts Between Objectives and Policies,,Conflicts Between Objectives and Policies,https://economicsacademy.co.uk/revision-notes/edexcel-theme-2/2-6-4-conflicts-between-objectives-and-policies.html,yes,7,0,,665,1,0,14,BreadcrumbList;LearningResource,no,no,no,yes,yes,yes,yes
revision-notes/edexcel-theme-2/index.html,hub,Edexcel,Theme 2,,Edexcel Theme 2 Revision Notes | The UK Economy | Economics Academy,67,"Free Edexcel A-Level Economics Theme 2 revision notes — the UK economy, aggregate demand and supply, national income, economic growth, and macroeconomic policies. Every topic covered, with links to detailed notes on each subtopic.",230,Edexcel Theme 2: The UK Economy — Performance and Policies,,Edexcel Theme 2: The UK Economy — Performance and Policies,https://economicsacademy.co.uk/revision-notes/edexcel-theme-2/,yes,7,0,,289,0,0,32,BreadcrumbList;LearningResource,no,no,no,yes,no,no,no
revision-notes/edexcel-theme-3/3-1-1-sizes-types-of-firms.html,topic,Edexcel,Theme 3,3.1.1,Edexcel A-Level Economics 3.1.1 Sizes and Types of Firms,56,"Revision notes for Edexcel A-Level Economics 3.1.1. Covers why firms grow or stay small, the divorce of ownership and control, and not-for-profit organisations.",160,Sizes and Types of Firms,,Sizes and Types of Firms,https://economicsacademy.co.uk/revision-notes/edexcel-theme-3/3-1-1-sizes-types-of-firms.html,yes,8,0,,713,0,0,13,BreadcrumbList;LearningResource,no,no,no,yes,yes,yes,yes
revision-notes/edexcel-theme-3/3-1-2-business-growth.html,topic,Edexcel,Theme 3,3.1.2,Edexcel A-Level Economics 3.1.2 Business Growth,47,"Free Edexcel A-Level Economics revision notes for unit 3.1.2. Covers organic versus inorganic growth, the types of integration, and the constraints on growth.",158,Business Growth,,Business Growth,https://economicsacademy.co.uk/revision-notes/edexcel-theme-3/3-1-2-business-growth.html,yes,7,0,,624,0,0,13,BreadcrumbList;LearningResource,no,no,no,yes,yes,yes,yes
revision-notes/edexcel-theme-3/3-1-3-demergers.html,topic,Edexcel,Theme 3,3.1.3,Edexcel A-Level Economics 3.1.3 Demergers,41,"Free Edexcel A-Level Economics revision notes (3.1.3). Covers what a demerger is, why firms break up, and the impacts on businesses, workers and consumers.",155,Demergers,,Demergers,https://economicsacademy.co.uk/revision-notes/edexcel-theme-3/3-1-3-demergers.html,yes,5,0,,537,0,0,13,BreadcrumbList;LearningResource,no,no,no,yes,yes,yes,yes
revision-notes/edexcel-theme-3/3-2-1-business-objectives.html,topic,Edexcel,Theme 3,3.2.1,Edexcel A-Level Economics 3.2.1 Business Objectives,51,"Edexcel A-Level Economics 3.2.1 revision notes. Covers profit, revenue and sales maximisation, satisficing and the principal-agent problem. With diagrams.",154,Business Objectives,,Business Objectives,https://economicsacademy.co.uk/revision-notes/edexcel-theme-3/3-2-1-business-objectives.html,yes,9,0,,662,3,0,15,BreadcrumbList;LearningResource,no,no,no,yes,yes,yes,yes
revision-notes/edexcel-theme-3/3-3-1-revenue.html,topic,Edexcel,Theme 3,3.3.1,Edexcel A-Level Economics 3.3.1 Revenue,39,"Free Edexcel A-Level Economics revision notes (3.3.1). Covers total, average and marginal revenue and how the total revenue rule links to price elasticity.",155,Revenue,,Revenue,https://economicsacademy.co.uk/revision-notes/edexcel-theme-3/3-3-1-revenue.html,yes,7,0,,642,2,0,15,BreadcrumbList;LearningResource,no,no,no,yes,yes,yes,yes
revision-notes/edexcel-theme-3/3-3-2-costs.html,topic,Edexcel,Theme 3,3.3.2,Edexcel A-Level Economics 3.3.2 Costs,37,"Free Edexcel A-Level Economics revision notes (3.3.2). Covers the main cost measures, the shape of the curves, and the MC, AVC, AC and LRAC relationships.",154,Costs,,Costs,https://economicsacademy.co.uk/revision-notes/edexcel-theme-3/3-3-2-costs.html,yes,8,0,,913,2,0,15,BreadcrumbList;LearningResource,no,no,no,yes,yes,yes,yes
revision-notes/edexcel-theme-3/3-3-3-economies-diseconomies-of-scale.html,topic,Edexcel,Theme 3,3.3.3,Edexcel A-Level Economics 3.3.3 Economies of Scale,50,"Free Edexcel A-Level Economics revision notes for unit 3.3.3. Covers the LRAC curve, internal and external economies, diseconomies and minimum efficient scale.",159,Economies and Diseconomies of Scale,,Economies and Diseconomies of Scale,https://economicsacademy.co.uk/revision-notes/edexcel-theme-3/3-3-3-economies-diseconomies-of-scale.html,yes,7,0,,1279,1,0,14,BreadcrumbList;LearningResource,no,no,no,yes,yes,yes,yes
revision-notes/edexcel-theme-3/3-3-4-normal-profits-supernormal-profits-losses.html,topic,Edexcel,Theme 3,3.3.4,Edexcel A-Level Economics 3.3.4 Profits and Losses,50,"Edexcel A-Level Economics 3.3.4 revision notes. Covers normal and supernormal profit, losses, the profit maximisation rule and the shut-down rules. With diagrams.",162,"Normal Profits, Supernormal Profits and Losses",,"Normal Profits, Supernormal Profits and Losses",https://economicsacademy.co.uk/revision-notes/edexcel-theme-3/3-3-4-normal-profits-supernormal-profits-losses.html,yes,6,0,,649,3,0,14,BreadcrumbList;LearningResource,no,no,no,yes,yes,yes,yes
revision-notes/edexcel-theme-3/3-4-1-efficiency.html,topic,Edexcel,Theme 3,3.4.1,Edexcel A-Level Economics 3.4.1 Efficiency,42,"Revision notes for Edexcel A-Level Economics 3.4.1. Covers allocative, productive and dynamic efficiency, X-inefficiency and the static-dynamic trade-off.",154,Efficiency,,Efficiency,https://economicsacademy.co.uk/revision-notes/edexcel-theme-3/3-4-1-efficiency.html,yes,6,0,,635,2,0,15,BreadcrumbList;LearningResource,no,no,no,yes,yes,yes,yes
revision-notes/edexcel-theme-3/3-4-2-perfect-competition.html,topic,Edexcel,Theme 3,3.4.2,Edexcel A-Level Economics 3.4.2 Perfect Competition,51,"Free Edexcel A-Level Economics revision notes for unit 3.4.2. Covers the assumptions, why firms are price takers, and the adjustment to long-run equilibrium.",157,Perfect Competition,,Perfect Competition,https://economicsacademy.co.uk/revision-notes/edexcel-theme-3/3-4-2-perfect-competition.html,yes,7,0,,773,5,0,14,BreadcrumbList;LearningResource,no,no,no,yes,yes,yes,yes
revision-notes/edexcel-theme-3/3-4-3-monopolistic-competition.html,topic,Edexcel,Theme 3,3.4.3,Edexcel A-Level Economics 3.4.3 Monopolistic Competition,56,"Edexcel A-Level Economics 3.4.3 revision notes. Covers product differentiation, the move to long-run normal profit, and non-price competition. With diagrams.",157,Monopolistic Competition,,Monopolistic Competition,https://economicsacademy.co.uk/revision-notes/edexcel-theme-3/3-4-3-monopolistic-competition.html,yes,10,0,,916,2,0,16,BreadcrumbList;LearningResource,no,no,no,yes,yes,yes,yes
revision-notes/edexcel-theme-3/3-4-4-oligopoly.html,topic,Edexcel,Theme 3,3.4.4,Edexcel A-Level Economics 3.4.4 Oligopoly,41,"Free Edexcel A-Level Economics revision notes for unit 3.4.4. Covers concentration ratios, interdependence, the kinked demand curve, collusion and game theory.",159,Oligopoly,,Oligopoly,https://economicsacademy.co.uk/revision-notes/edexcel-theme-3/3-4-4-oligopoly.html,yes,8,0,,1441,3,0,16,BreadcrumbList;LearningResource,no,no,no,yes,yes,yes,yes
revision-notes/edexcel-theme-3/3-4-5-monopoly.html,topic,Edexcel,Theme 3,3.4.5,Edexcel A-Level Economics 3.4.5 Monopoly,40,"Free Edexcel A-Level Economics revision notes for unit 3.4.5. Covers profit maximisation, third-degree price discrimination, welfare loss and natural monopoly.",159,Monopoly,,Monopoly,https://economicsacademy.co.uk/revision-notes/edexcel-theme-3/3-4-5-monopoly.html,yes,8,0,,1218,3,0,17,BreadcrumbList;LearningResource,no,no,no,yes,yes,yes,yes
revision-notes/edexcel-theme-3/3-4-6-monopsony.html,topic,Edexcel,Theme 3,3.4.6,Edexcel A-Level Economics 3.4.6 Monopsony,41,"Free Edexcel A-Level Economics revision notes (3.4.6). Covers what a monopsony is, and the costs and benefits of buyer power for consumers and suppliers.",153,Monopsony,,Monopsony,https://economicsacademy.co.uk/revision-notes/edexcel-theme-3/3-4-6-monopsony.html,yes,6,0,,503,0,0,15,BreadcrumbList;LearningResource,no,no,no,yes,yes,yes,yes
revision-notes/edexcel-theme-3/3-4-7-contestability.html,topic,Edexcel,Theme 3,3.4.7,Edexcel A-Level Economics 3.4.7 Contestability,46,"Revision notes for Edexcel A-Level Economics 3.4.7. Covers contestability versus competition, hit-and-run entry, and the role of sunk costs. With diagrams.",155,Contestability,,Contestability,https://economicsacademy.co.uk/revision-notes/edexcel-theme-3/3-4-7-contestability.html,yes,8,0,,740,1,0,15,BreadcrumbList;LearningResource,no,no,no,yes,yes,yes,yes
revision-notes/edexcel-theme-3/3-5-1-demand-for-labour.html,topic,Edexcel,Theme 3,3.5.1,Edexcel A-Level Economics 3.5.1 Demand for Labour,49,"Free Edexcel A-Level Economics revision notes (3.5.1). Covers derived demand, marginal revenue product theory, shifts in labour demand and wage elasticity.",155,Demand for Labour,,Demand for Labour,https://economicsacademy.co.uk/revision-notes/edexcel-theme-3/3-5-1-demand-for-labour.html,yes,7,0,,744,1,0,14,BreadcrumbList;LearningResource,no,no,no,yes,yes,yes,yes
revision-notes/edexcel-theme-3/3-5-2-supply-of-labour.html,topic,Edexcel,Theme 3,3.5.2,Edexcel A-Level Economics 3.5.2 Supply of Labour,48,"Free Edexcel A-Level Economics revision notes (3.5.2). Covers the shape of the supply curve, geographical and occupational immobility, and mobility policy.",155,Supply of Labour,,Supply of Labour,https://economicsacademy.co.uk/revision-notes/edexcel-theme-3/3-5-2-supply-of-labour.html,yes,7,0,,889,1,0,14,BreadcrumbList;LearningResource,no,no,no,yes,yes,yes,yes
revision-notes/edexcel-theme-3/3-5-3-wage-determination.html,topic,Edexcel,Theme 3,3.5.3,Edexcel A-Level Economics 3.5.3 Wage Determination,50,Free Edexcel A-Level Economics revision notes (3.5.3). Covers wage setting in competitive and monopsony markets and the impact of a national minimum wage.,154,Wage Determination,,Wage Determination,https://economicsacademy.co.uk/revision-notes/edexcel-theme-3/3-5-3-wage-determination.html,yes,9,0,,1412,4,0,16,BreadcrumbList;LearningResource,no,no,no,yes,yes,yes,yes
revision-notes/edexcel-theme-3/3-6-1-government-intervention.html,topic,Edexcel,Theme 3,3.6.1,Edexcel A-Level Economics 3.6.1 Government Intervention,55,"Edexcel A-Level Economics 3.6.1 revision notes. Covers how the CMA controls monopoly power, promotes contestability and protects suppliers. With diagrams.",154,Government Intervention,,Government Intervention,https://economicsacademy.co.uk/revision-notes/edexcel-theme-3/3-6-1-government-intervention.html,yes,6,0,,1063,1,0,16,BreadcrumbList;LearningResource,no,no,no,yes,yes,yes,yes
revision-notes/edexcel-theme-3/3-6-2-the-impact-of-government-intervention.html,topic,Edexcel,Theme 3,3.6.2,Edexcel A-Level Economics 3.6.2 Impact of Intervention,54,"Free Edexcel A-Level Economics revision notes for unit 3.6.2. Covers the intended outcomes of intervention, why it fails, and risks such as regulatory capture.",159,The Impact of Government Intervention,,The Impact of Government Intervention,https://economicsacademy.co.uk/revision-notes/edexcel-theme-3/3-6-2-the-impact-of-government-intervention.html,yes,5,0,,524,0,0,16,BreadcrumbList;LearningResource,no,no,no,yes,yes,yes,yes
revision-notes/edexcel-theme-3/index.html,hub,Edexcel,Theme 3,,Edexcel Theme 3 Revision Notes | Business Behaviour & Labour Market | Economics Academy,87,"Free Edexcel A-Level Economics Theme 3 revision notes — business growth, objectives, costs, market structures, labour markets, and government intervention. Every topic covered, with links to detailed notes on each subtopic.",223,Edexcel Theme 3: Business Behaviour and the Labour Market,,Edexcel Theme 3: Business Behaviour and the Labour Market,https://economicsacademy.co.uk/revision-notes/edexcel-theme-3/,yes,7,0,,268,0,0,28,BreadcrumbList;LearningResource,no,no,no,yes,no,no,no
revision-notes/edexcel-theme-4/4-1-1-globalisation.html,topic,Edexcel,Theme 4,4.1.1,Edexcel A-Level Economics 4.1.1 Globalisation,45,"Free Edexcel A-Level Economics revision notes (4.1.1). Covers the drivers of globalisation and its effects on consumers, workers, firms and the environment.",156,Globalisation,,Globalisation,https://economicsacademy.co.uk/revision-notes/edexcel-theme-4/4-1-1-globalisation.html,yes,10,0,,1086,0,0,13,BreadcrumbList;LearningResource,no,no,no,yes,yes,yes,yes
revision-notes/edexcel-theme-4/4-1-2-specialisation-trade.html,topic,Edexcel,Theme 4,4.1.2,Edexcel A-Level Economics 4.1.2 Specialisation and Trade,56,"Free Edexcel A-Level Economics revision notes for unit 4.1.2. Covers absolute versus comparative advantage, opportunity cost, and the gains from trade on PPFs.",159,Specialisation and Trade,,Specialisation and Trade,https://economicsacademy.co.uk/revision-notes/edexcel-theme-4/4-1-2-specialisation-trade.html,yes,7,0,,955,1,0,15,BreadcrumbList;LearningResource,no,no,no,yes,yes,yes,yes
revision-notes/edexcel-theme-4/4-1-3-pattern-of-trade.html,topic,Edexcel,Theme 4,4.1.3,Edexcel A-Level Economics 4.1.3 Pattern of Trade,48,"Revision notes for Edexcel A-Level Economics 4.1.3. Covers what shapes the pattern of trade, emerging economies, and the effects on industries and workers.",155,Pattern of Trade,,Pattern of Trade,https://economicsacademy.co.uk/revision-notes/edexcel-theme-4/4-1-3-pattern-of-trade.html,yes,5,0,,453,0,0,14,BreadcrumbList;LearningResource,no,no,no,yes,yes,yes,yes
revision-notes/edexcel-theme-4/4-1-4-terms-of-trade.html,topic,Edexcel,Theme 4,4.1.4,Edexcel A-Level Economics 4.1.4 Terms of Trade,46,Free Edexcel A-Level Economics revision notes (4.1.4). Covers how the terms of trade are calculated and their effect on export revenue and living standards.,156,Terms of Trade,,Terms of Trade,https://economicsacademy.co.uk/revision-notes/edexcel-theme-4/4-1-4-terms-of-trade.html,yes,6,0,,726,0,0,14,BreadcrumbList;LearningResource,no,no,no,yes,yes,yes,yes
revision-notes/edexcel-theme-4/4-1-5-trading-blocs-and-the-world-trade-organisation.html,topic,Edexcel,Theme 4,4.1.5,Edexcel A-Level Economics 4.1.5 Trading Blocs and the WTO,57,"Free Edexcel A-Level Economics revision notes for unit 4.1.5. Covers free trade areas, customs and monetary unions, trade creation and diversion, and the WTO.",158,Trading Blocs and the World Trade Organisation,,Trading Blocs and the World Trade Organisation,https://economicsacademy.co.uk/revision-notes/edexcel-theme-4/4-1-5-trading-blocs-and-the-world-trade-organisation.html,yes,7,0,,701,0,0,15,BreadcrumbList;LearningResource,no,no,no,yes,yes,yes,yes
revision-notes/edexcel-theme-4/4-1-6-restrictions-on-free-trade.html,topic,Edexcel,Theme 4,4.1.6,Edexcel A-Level Economics 4.1.6 Restrictions on Free Trade,58,"Free Edexcel A-Level Economics revision notes (4.1.6). Covers tariffs, quotas, subsidies and non-tariff barriers, and the case for and against protection.",154,Restrictions on Free Trade,,Restrictions on Free Trade,https://economicsacademy.co.uk/revision-notes/edexcel-theme-4/4-1-6-restrictions-on-free-trade.html,yes,6,0,,742,1,0,15,BreadcrumbList;LearningResource,no,no,no,yes,yes,yes,yes
revision-notes/edexcel-theme-4/4-1-7-balance-of-payments.html,topic,Edexcel,Theme 4,4.1.7,Edexcel A-Level Economics 4.1.7 Balance of Payments,51,"Free Edexcel A-Level Economics revision notes for unit 4.1.7. Covers the three accounts, current account deficits and surpluses, and policies to correct them.",158,Balance of Payments,,Balance of Payments,https://economicsacademy.co.uk/revision-notes/edexcel-theme-4/4-1-7-balance-of-payments.html,yes,9,0,,1052,0,0,15,BreadcrumbList;LearningResource,no,no,no,yes,yes,yes,yes
revision-notes/edexcel-theme-4/4-1-8-exchange-rates.html,topic,Edexcel,Theme 4,4.1.8,Edexcel A-Level Economics 4.1.8 Exchange Rates,46,"Edexcel A-Level Economics 4.1.8 revision notes. Covers floating, fixed and managed systems, appreciation and depreciation, and the J-curve. With diagrams.",154,Exchange Rates,,Exchange Rates,https://economicsacademy.co.uk/revision-notes/edexcel-theme-4/4-1-8-exchange-rates.html,yes,8,0,,1214,2,0,14,BreadcrumbList;LearningResource,no,no,no,yes,yes,yes,yes
revision-notes/edexcel-theme-4/4-1-9-international-competitiveness.html,topic,Edexcel,Theme 4,4.1.9,Edexcel A-Level Economics 4.1.9 International Competitiveness,61,"Revision notes for Edexcel A-Level Economics 4.1.9. Covers how competitiveness is measured, unit labour costs, and its significance for exports and growth.",155,International Competitiveness,,International Competitiveness,https://economicsacademy.co.uk/revision-notes/edexcel-theme-4/4-1-9-international-competitiveness.html,yes,6,0,,607,0,0,13,BreadcrumbList;LearningResource,no,no,no,yes,yes,yes,yes
revision-notes/edexcel-theme-4/4-2-1-absolute-relative-poverty.html,topic,Edexcel,Theme 4,4.2.1,Edexcel A-Level Economics 4.2.1 Absolute and Relative Poverty,61,"Free Edexcel A-Level Economics revision notes for unit 4.2.1. Covers the difference between the two measures, what changes poverty, and the link with growth.",157,Absolute and Relative Poverty,,Absolute and Relative Poverty,https://economicsacademy.co.uk/revision-notes/edexcel-theme-4/4-2-1-absolute-relative-poverty.html,yes,5,0,,432,0,0,13,BreadcrumbList;LearningResource,no,no,no,yes,yes,yes,yes
revision-notes/edexcel-theme-4/4-2-2-inequality.html,topic,Edexcel,Theme 4,4.2.2,Edexcel A-Level Economics 4.2.2 Inequality,42,"Edexcel A-Level Economics 4.2.2 revision notes. Covers the Lorenz curve and Gini coefficient, the causes of inequality and the Kuznets curve. With diagrams.",156,Inequality,,Inequality,https://economicsacademy.co.uk/revision-notes/edexcel-theme-4/4-2-2-inequality.html,yes,9,0,,1052,2,0,14,BreadcrumbList;LearningResource,no,no,no,yes,yes,yes,yes
revision-notes/edexcel-theme-4/4-3-1-measures-of-development.html,topic,Edexcel,Theme 4,4.3.1,Edexcel A-Level Economics 4.3.1 Measures of Development,55,"Free Edexcel A-Level Economics revision notes for unit 4.3.1. Covers growth versus development, single and composite indicators, HDI, and the IHDI and MPI.",155,Measures of Development,,Measures of Development,https://economicsacademy.co.uk/revision-notes/edexcel-theme-4/4-3-1-measures-of-development.html,yes,6,0,,638,0,0,12,BreadcrumbList;LearningResource,no,no,no,yes,yes,yes,yes
revision-notes/edexcel-theme-4/4-3-2-factors-influencing-growth-development.html,topic,Edexcel,Theme 4,4.3.2,Edexcel A-Level Economics 4.3.2 Influences on Development,57,Edexcel A-Level Economics 4.3.2 revision notes. Covers the economic and non-economic factors behind development. With key definitions and evaluation points.,156,Factors Influencing Growth and Development,,Factors Influencing Growth and Development,https://economicsacademy.co.uk/revision-notes/edexcel-theme-4/4-3-2-factors-influencing-growth-development.html,yes,5,0,,927,0,0,13,BreadcrumbList;LearningResource,no,no,no,yes,yes,yes,yes
revision-notes/edexcel-theme-4/4-3-3-strategies-influencing-growth-development.html,topic,Edexcel,Theme 4,4.3.3,Edexcel A-Level Economics 4.3.3 Strategies for Development,58,"Edexcel A-Level Economics 4.3.3 revision notes. Covers market-orientated and interventionist strategies, aid, and international institutions. With diagrams.",156,Strategies Influencing Growth and Development,,Strategies Influencing Growth and Development,https://economicsacademy.co.uk/revision-notes/edexcel-theme-4/4-3-3-strategies-influencing-growth-development.html,yes,7,0,,1511,1,0,15,BreadcrumbList;LearningResource,no,no,no,yes,yes,yes,yes
revision-notes/edexcel-theme-4/4-4-1-role-of-financial-markets.html,topic,Edexcel,Theme 4,4.4.1,Edexcel A-Level Economics 4.4.1 Role of Financial Markets,57,"Free Edexcel A-Level Economics revision notes for unit 4.4.1. Covers the functions of financial markets, capital allocation and the case for regulation.",152,Role of Financial Markets,,Role of Financial Markets,https://economicsacademy.co.uk/revision-notes/edexcel-theme-4/4-4-1-role-of-financial-markets.html,yes,4,0,,448,0,0,13,BreadcrumbList;LearningResource,no,no,no,yes,yes,yes,yes
revision-notes/edexcel-theme-4/4-4-2-market-failure-in-the-financial-sector.html,topic,Edexcel,Theme 4,4.4.2,Edexcel A-Level Economics 4.4.2 Financial Market Failure,56,"Free Edexcel A-Level Economics revision notes for unit 4.4.2. Covers systemic risk, moral hazard, speculation, and the consequences for the wider economy.",154,Market Failure in the Financial Sector,,Market Failure in the Financial Sector,https://economicsacademy.co.uk/revision-notes/edexcel-theme-4/4-4-2-market-failure-in-the-financial-sector.html,yes,5,0,,692,0,0,15,BreadcrumbList;LearningResource,no,no,no,yes,yes,yes,yes
revision-notes/edexcel-theme-4/4-4-3-role-of-central-banks.html,topic,Edexcel,Theme 4,4.4.3,Edexcel A-Level Economics 4.4.3 Role of Central Banks,53,"Free Edexcel A-Level Economics revision notes for unit 4.4.3. Covers the functions of a central bank, financial stability, and the limits of its policy tools.",158,Role of Central Banks,,Role of Central Banks,https://economicsacademy.co.uk/revision-notes/edexcel-theme-4/4-4-3-role-of-central-banks.html,yes,4,0,,612,0,0,13,BreadcrumbList;LearningResource,no,no,no,yes,yes,yes,yes
revision-notes/edexcel-theme-4/4-5-1-public-expenditure.html,topic,Edexcel,Theme 4,4.5.1,Edexcel A-Level Economics 4.5.1 Public Expenditure,50,"Free Edexcel A-Level Economics revision notes for unit 4.5.1. Covers current, capital and transfer spending and why its size and composition change over time.",158,Public Expenditure,,Public Expenditure,https://economicsacademy.co.uk/revision-notes/edexcel-theme-4/4-5-1-public-expenditure.html,yes,6,0,,562,0,0,13,BreadcrumbList;LearningResource,no,no,no,yes,yes,yes,yes
revision-notes/edexcel-theme-4/4-5-2-taxation.html,topic,Edexcel,Theme 4,4.5.2,Edexcel A-Level Economics 4.5.2 Taxation,40,"Revision notes for Edexcel A-Level Economics 4.5.2. Covers progressive, proportional and regressive taxes, direct and indirect taxes, and the Laffer curve. With diagrams.",170,Taxation,,Taxation,https://economicsacademy.co.uk/revision-notes/edexcel-theme-4/4-5-2-taxation.html,yes,6,0,,854,1,0,14,BreadcrumbList;LearningResource,no,no,no,yes,yes,yes,yes
revision-notes/edexcel-theme-4/4-5-3-public-sector-finances.html,topic,Edexcel,Theme 4,4.5.3,Edexcel A-Level Economics 4.5.3 Public Sector Finances,54,"Free Edexcel A-Level Economics revision notes for unit 4.5.3. Covers fiscal deficits versus national debt, automatic stabilisers, and structural deficits.",154,Public Sector Finances,,Public Sector Finances,https://economicsacademy.co.uk/revision-notes/edexcel-theme-4/4-5-3-public-sector-finances.html,yes,6,0,,721,0,0,13,BreadcrumbList;LearningResource,no,no,no,yes,yes,yes,yes
revision-notes/edexcel-theme-4/4-5-4-macroeconomic-policies-in-a-global-context.html,topic,Edexcel,Theme 4,4.5.4,Edexcel A-Level Economics 4.5.4 Global Macroeconomic Policy,59,Free Edexcel A-Level Economics revision notes (4.5.4). Covers how globalisation constrains national policy and the difficulty of controlling global firms.,154,Macroeconomic Policies in a Global Context,,Macroeconomic Policies in a Global Context,https://economicsacademy.co.uk/revision-notes/edexcel-theme-4/4-5-4-macroeconomic-policies-in-a-global-context.html,yes,7,0,,1141,0,0,16,BreadcrumbList;LearningResource,no,no,no,yes,yes,yes,yes
revision-notes/edexcel-theme-4/index.html,hub,Edexcel,Theme 4,,Edexcel Theme 4 Revision Notes | A Global Perspective | Economics Academy,73,"Free Edexcel A-Level Economics Theme 4 revision notes — international economics, poverty and inequality, emerging economies, the financial sector, and the role of the state. Every topic covered, with links to detailed notes on each subtopic.",241,Edexcel Theme 4: A Global Perspective,,Edexcel Theme 4: A Global Perspective,https://economicsacademy.co.uk/revision-notes/edexcel-theme-4/,yes,6,0,,284,0,0,29,BreadcrumbList;LearningResource,no,no,no,yes,no,no,no
revision-notes/index.html,section-index,,,,A-Level Economics Revision Notes | Free Edexcel & AQA Resources,63,"Free A-Level Economics revision notes for Edexcel (Themes 1–4) and AQA (Microeconomics and Macroeconomics). Every specification topic covered, with key definitions, analysis, and exam tips — written by an expert tutor.",218,Free A-Level Economics Revision Notes,,Free A-Level Economics Revision Notes,https://economicsacademy.co.uk/revision-notes/,yes,3,0,,269,0,0,23,BreadcrumbList;CollectionPage,no,no,no,yes,no,no,no
revision-notes/macro-application/index.html,hub,,Macro application,,Macroeconomic Application | A-Level Economics Revision Notes | Economics Academy,80,"Real-world UK and South Africa macroeconomic data and worked examples for A-Level Economics. Use application points on growth, inflation, unemployment, trade, inequality, and policy in essays and data responses.",211,Macroeconomic Application,,Macroeconomic Application,https://economicsacademy.co.uk/revision-notes/macro-application/,yes,3,0,,9344,0,0,6,BreadcrumbList;LearningResource,no,no,no,yes,yes,yes,no
revision-notes/macroeconomics-diagrams.html,gallery,,,,Edexcel A-Level Economics Macroeconomics Diagrams,49,"Free Edexcel A-Level Economics revision notes: every macroeconomics diagram used across Themes 2 and 4, each with a short explanation and an exam prompt.",153,Macroeconomics Diagrams,,Macroeconomics Diagrams,https://economicsacademy.co.uk/revision-notes/macroeconomics-diagrams.html,yes,8,0,,2285,34,0,40,BreadcrumbList;LearningResource,no,no,no,yes,yes,yes,yes
revision-notes/microeconomics-diagrams.html,gallery,,,,Edexcel A-Level Economics Microeconomics Diagrams,49,"Free Edexcel A-Level Economics revision notes: every microeconomics diagram used across Themes 1 and 3, each with a short explanation and an exam prompt.",153,Microeconomics Diagrams,,Microeconomics Diagrams,https://economicsacademy.co.uk/revision-notes/microeconomics-diagrams.html,yes,10,0,,3705,55,0,61,BreadcrumbList;LearningResource,no,no,no,yes,yes,yes,yes
