Top pages,Clicks,Impressions,CTR,Position
https://economicsacademy.co.uk/,223,2463,9.05%,17.35
https://economicsacademy.co.uk/revision-notes/,187,5791,3.23%,9.82
https://economicsacademy.co.uk/revision-notes/index.html,174,4112,4.23%,9.35
https://economicsacademy.co.uk/past-papers/edexcel-b/index.html,80,4476,1.79%,6.52
https://economicsacademy.co.uk/past-papers/edexcel-b/,78,7214,1.08%,10.29
https://economicsacademy.co.uk/past-papers/ocr/index.html,68,4684,1.45%,7.38
https://economicsacademy.co.uk/past-papers/ocr/,65,4757,1.37%,11.21
https://economicsacademy.co.uk/revision-notes/macroeconomics-diagrams.html,37,2620,1.41%,14.31
https://economicsacademy.co.uk/past-papers/aqa/,34,3827,0.89%,16.58
https://economicsacademy.co.uk/revision-notes/edexcel-theme-1/,23,1101,2.09%,9.57
https://economicsacademy.co.uk/past-papers/aqa/index.html,17,1963,0.87%,9.71
https://economicsacademy.co.uk/past-papers/aqa/a-level/paper-2/aqa-a-level-economics-paper-2-specimen-question-paper.pdf,17,1320,1.29%,14.78
https://economicsacademy.co.uk/tutoring.html,17,440,3.86%,26.27
https://economicsacademy.co.uk/marking.html,17,334,5.09%,11.52
https://economicsacademy.co.uk/past-papers/aqa/a-level/paper-3/aqa-a-level-economics-paper-3-june-2021-question-paper.pdf,15,1356,1.11%,15.92
https://economicsacademy.co.uk/revision-notes/microeconomics-diagrams.html,14,1463,0.96%,13.17
https://economicsacademy.co.uk/past-papers/aqa/as-level/paper-2/aqa-as-level-economics-paper-2-june-2022-question-paper.pdf,13,828,1.57%,15.63
https://economicsacademy.co.uk/past-papers/aqa/a-level/paper-1/aqa-a-level-economics-paper-1-specimen-question-paper.pdf,12,654,1.83%,14.28
https://economicsacademy.co.uk/revision-notes/edexcel-theme-1/1-1-1-economics-as-a-social-science.html,12,619,1.94%,10.76
https://economicsacademy.co.uk/revision-notes/edexcel-theme-3/index.html,11,391,2.81%,9.62
https://economicsacademy.co.uk/revision-notes/edexcel-theme-4/index.html,10,451,2.22%,8.86
https://economicsacademy.co.uk/past-papers/aqa/as-level/paper-2/aqa-as-level-economics-paper-2-june-2018-question-paper.pdf,9,582,1.55%,22.12
https://economicsacademy.co.uk/revision-notes/edexcel-theme-2/,9,418,2.15%,12.1
https://economicsacademy.co.uk/revision-notes/aqa-a2-micro/,8,843,0.95%,10.76
https://economicsacademy.co.uk/past-papers/aqa/a-level/paper-3/aqa-a-level-economics-paper-3-june-2020-question-paper.pdf,8,504,1.59%,16.48
https://economicsacademy.co.uk/past-papers/aqa/as-level/paper-1/aqa-as-level-economics-paper-1-specimen-question-paper.pdf,8,365,2.19%,17.08
https://economicsacademy.co.uk/revision-notes/aqa-a2-macro/,7,136,5.15%,9.76
https://economicsacademy.co.uk/revision-notes/edexcel-theme-4/,6,621,0.97%,12.69
https://economicsacademy.co.uk/revision-notes/edexcel-theme-1/index.html,6,495,1.21%,7.73
https://economicsacademy.co.uk/revision-notes/edexcel-theme-1/1-1-5-specialisation-division-of-labour.html,5,1400,0.36%,12.84
https://economicsacademy.co.uk/revision-notes/edexcel-theme-1/1-1-3-the-economic-problem.html,5,521,0.96%,5.54
https://economicsacademy.co.uk/revision-notes/edexcel-theme-1/1-3-4-information-gaps.html,4,2879,0.14%,7.98
https://economicsacademy.co.uk/revision-notes/aqa-a2-micro/index.html,4,341,1.17%,8.93
https://economicsacademy.co.uk/past-papers/index.html,3,874,0.34%,33.51
https://economicsacademy.co.uk/past-papers/aqa/as-level/paper-1/aqa-as-level-economics-paper-1-june-2019-question-paper.pdf,3,326,0.92%,13.7
https://economicsacademy.co.uk/revision-notes/edexcel-theme-2/2-6-3-supply-side-policies.html,3,167,1.8%,9.87
https://economicsacademy.co.uk/revision-notes/edexcel-theme-1/1-3-1-types-of-market-failure.html,2,2077,0.1%,19.87
https://economicsacademy.co.uk/past-papers/edexcel/index.html,2,1082,0.18%,37.12
https://economicsacademy.co.uk/revision-notes/edexcel-theme-1/1-2-1-rational-decision-making.html,2,443,0.45%,14.51
https://economicsacademy.co.uk/past-papers/aqa/as-level/paper-2/aqa-as-level-economics-paper-2-june-2019-question-paper.pdf,2,356,0.56%,17.82
https://economicsacademy.co.uk/past-papers/aqa/as-level/paper-1/aqa-as-level-economics-paper-1-june-2017-question-paper.pdf,2,127,1.57%,19.43
https://economicsacademy.co.uk/revision-notes/edexcel-theme-1/1-4-1-government-intervention-in-markets.html,1,920,0.11%,32.8
https://economicsacademy.co.uk/revision-notes/edexcel-theme-2/2-2-4-government-expenditure.html,1,786,0.13%,15.32
https://economicsacademy.co.uk/revision-notes/edexcel-theme-1/1-4-2-government-failure.html,1,690,0.14%,14.01
https://economicsacademy.co.uk/index.html,1,272,0.37%,15.46
https://economicsacademy.co.uk/past-papers/,1,100,1%,32.1
https://economicsacademy.co.uk/revision-notes/aqa-as-micro/index.html,1,93,1.08%,17.01
https://economicsacademy.co.uk/revision-notes/edexcel-theme-1/1-1-4-production-possibility-frontiers.html,1,59,1.69%,12.95
https://economicsacademy.co.uk/revision-notes/edexcel-theme-2/2-1-4-balance-of-payments.html,1,37,2.7%,13.59
https://economicsacademy.co.uk/revision-notes/edexcel-theme-3/,1,33,3.03%,13.15
https://economicsacademy.co.uk/faq.html,1,22,4.55%,5.95
https://economicsacademy.co.uk/revision-notes/edexcel-theme-1/1-1-2-positive-normative-statements.html,0,319,0%,31
https://economicsacademy.co.uk/past-papers/aqa/a-level/paper-3/aqa-a-level-economics-paper-3-june-2022-question-paper.pdf,0,218,0%,11.74
https://economicsacademy.co.uk/revision-notes/edexcel-theme-1/1-2-5-price-elasticity-of-supply.html,0,201,0%,28.54
https://economicsacademy.co.uk/revision-notes/edexcel-theme-1/1-3-2-externalities.html,0,186,0%,10.25
https://economicsacademy.co.uk/past-papers/aqa/as-level/paper-2/aqa-as-level-economics-paper-2-november-2020-question-paper.pdf,0,157,0%,15.02
https://economicsacademy.co.uk/revision-notes/edexcel-theme-2/2-5-2-output-gaps.html,0,106,0%,25.34
https://economicsacademy.co.uk/revision-notes/edexcel-theme-2/2-1-3-employment-unemployment.html,0,95,0%,10.93
https://economicsacademy.co.uk/revision-notes/edexcel-theme-2/2-3-2-short-run-aggregate-supply.html,0,92,0%,9.01
https://economicsacademy.co.uk/revision-notes/edexcel-theme-2/2-3-1-aggregate-supply.html,0,87,0%,30.3
https://economicsacademy.co.uk/revision-notes/edexcel-theme-2/2-6-2-demand-side-policies.html,0,78,0%,12.04
https://economicsacademy.co.uk/revision-notes/edexcel-theme-2/2-5-4-the-impact-of-economic-growth.html,0,71,0%,15
https://economicsacademy.co.uk/revision-notes/edexcel-theme-2/2-6-4-conflicts-between-objectives-and-policies.html,0,52,0%,19.08
https://economicsacademy.co.uk/revision-notes/edexcel-theme-2/2-6-1-possible-macroeconomic-objectives.html,0,50,0%,10.02
https://economicsacademy.co.uk/revision-notes/edexcel-theme-2/2-2-1-aggregate-demand.html,0,49,0%,20.27
https://economicsacademy.co.uk/revision-notes/edexcel-theme-2/2-2-2-consumption.html,0,47,0%,11
https://economicsacademy.co.uk/revision-notes/edexcel-theme-3/3-6-2-the-impact-of-government-intervention.html,0,46,0%,10.07
https://economicsacademy.co.uk/revision-notes/edexcel-theme-1/1-2-2-demand.html,0,43,0%,10.49
https://economicsacademy.co.uk/revision-notes/edexcel-theme-2/2-5-1-causes-of-growth.html,0,34,0%,15.32
https://economicsacademy.co.uk/revision-notes/edexcel-theme-4/4-5-3-public-sector-finances.html,0,20,0%,9.05
https://economicsacademy.co.uk/revision-notes/edexcel-theme-2/2-1-2-inflation.html,0,19,0%,13.79
https://economicsacademy.co.uk/revision-notes/edexcel-theme-4/4-4-1-role-of-financial-markets.html,0,19,0%,15.21
https://economicsacademy.co.uk/revision-notes/edexcel-theme-1/1-2-7-price-mechanism.html,0,17,0%,20.41
https://economicsacademy.co.uk/about.html,0,15,0%,5.93
https://economicsacademy.co.uk/revision-notes/edexcel-theme-1/1-1-6-types-of-economies.html,0,14,0%,20.29
https://economicsacademy.co.uk/revision-notes/edexcel-theme-4/4-4-2-market-failure-in-the-financial-sector.html,0,13,0%,10.08
https://economicsacademy.co.uk/revision-notes/edexcel-theme-1/1-2-3-price-income-cross-elasticities-of-demand.html,0,13,0%,15.54
https://economicsacademy.co.uk/past-papers/edexcel/as-level/paper-2/edexcel-as-level-economics-paper-2-october-2020-question-paper.pdf,0,10,0%,1.6
https://economicsacademy.co.uk/revision-notes/edexcel-theme-4/4-3-2-factors-influencing-growth-development.html,0,10,0%,8.6
https://economicsacademy.co.uk/revision-notes/edexcel-theme-4/4-3-3-strategies-influencing-growth-development.html,0,10,0%,16.1
https://economicsacademy.co.uk/contact.html,0,4,0%,11
https://economicsacademy.co.uk/past-papers/edexcel-b/as-level/paper-2/edexcel-b-as-level-economics-paper-2-october-2020-question-paper.pdf#page=3,0,1,0%,1
https://economicsacademy.co.uk/past-papers/edexcel-b/as-level/paper-2/edexcel-b-as-level-economics-paper-2-october-2020-question-paper.pdf#page=1,0,1,0%,2
https://economicsacademy.co.uk/past-papers/edexcel-b/as-level/paper-2/edexcel-b-as-level-economics-paper-2-october-2020-question-paper.pdf#page=2,0,1,0%,2
https://economicsacademy.co.uk/past-papers/edexcel-b/as-level/paper-2/edexcel-b-as-level-economics-paper-2-october-2020-question-paper.pdf#page=12,0,1,0%,3
https://economicsacademy.co.uk/past-papers/edexcel-b/as-level/paper-2/edexcel-b-as-level-economics-paper-2-october-2020-question-paper.pdf#page=4,0,1,0%,3