path,link_type,anchor_text,target,insertion_context,flags
revision-notes/aqa-a2-macro/2-1-1-the-objectives-of-government-economic-policy.html,related,Gini coefficient,/revision-notes/aqa-a2-micro/1-7-1-the-distribution-of-income-and-wealth.html,"inequality, often measured by the Gini coefficient , to socially acceptable levels.",anchor wraps existing prose; no text added or reworded
revision-notes/aqa-a2-macro/2-1-1-the-objectives-of-government-economic-policy.html,related,negative externalities,/revision-notes/aqa-a2-micro/1-8-4-positive-and-negative-externalities-in-consumption-and-production.html,"nition"">Aim: Promote sustainability and reduce negative externalities, for example through targets such as the UK's net-zer",anchor wraps existing prose; no text added or reworded
revision-notes/aqa-a2-macro/2-1-2-macroeconomic-indicators.html,related,the Balance of Payments,/revision-notes/aqa-a2-macro/2-6-3-the-balance-of-payments.html,ection> The most important component of the Balance of Payments is the Current Account. </,anchor wraps existing prose; no text added or reworded
revision-notes/aqa-a2-macro/2-2-2-aggregate-demand-and-aggregate-supply-analysis.html,related,fiscal policy,/revision-notes/aqa-a2-macro/2-5-1-fiscal-policy.html,5% of AD. This is determined by government fiscal policy and can be influenced by political priorities and t,anchor wraps existing prose; no text added or reworded
revision-notes/aqa-a2-macro/2-2-3-the-determinants-of-aggregate-demand.html,related,marginal propensity to consume,/revision-notes/aqa-a2-macro/2-2-4-aggregate-demand-and-the-level-of-economic-activity.html,The marginal propensity to consume (MPC) is the proportion of an,anchor wraps existing prose; no text added or reworded
revision-notes/aqa-a2-macro/2-2-3-the-determinants-of-aggregate-demand.html,related,automatic stabilisers,/revision-notes/aqa-a2-macro/2-5-1-fiscal-policy.html,g The economic cycle (automatic stabilisers): Spending changes automatically</st,anchor wraps existing prose; no text added or reworded
revision-notes/aqa-a2-macro/2-2-3-the-determinants-of-aggregate-demand.html,related,price elasticity of demand,/revision-notes/aqa-a2-micro/1-3-2-price-income-and-cross-elasticities-of-demand.html,"the reverse). The size of the effect depends on the price elasticity of demand for exports and imports, so a depreciation may wors",anchor wraps existing prose; no text added or reworded
revision-notes/aqa-a2-macro/2-2-5-determinants-of-short-run-aggregate-supply.html,related,costs of production,/revision-notes/aqa-a2-micro/1-4-4-costs-of-production.html,ntire SRAS curve is caused by a change in the costs of production for firms across the economy.,anchor wraps existing prose; no text added or reworded
revision-notes/aqa-a2-macro/2-3-1-economic-growth-and-the-economic-cycle.html,related,costs of production,/revision-notes/aqa-a2-micro/1-4-4-costs-of-production.html,", or net exports, or an increase in SRAS due to lower costs of production, such as lower wages or lower raw material prices.",anchor wraps existing prose; no text added or reworded
revision-notes/aqa-a2-macro/2-3-1-economic-growth-and-the-economic-cycle.html,related,production possibility frontier,/revision-notes/aqa-a2-micro/1-1-5-production-possibility-diagrams.html,LRAS curve and the production possibility frontier . This is an increase in potential ou,anchor wraps existing prose; no text added or reworded
revision-notes/aqa-a2-macro/2-3-1-economic-growth-and-the-economic-cycle.html,related,derived demand,/revision-notes/aqa-a2-micro/1-6-1-the-demand-for-labour-marginal-productivity-theory.html,"employment: Higher output raises derived demand for labour, reducing cyclical une",anchor wraps existing prose; no text added or reworded
revision-notes/aqa-a2-macro/2-3-3-inflation-and-deflation.html,related,costs of production,/revision-notes/aqa-a2-micro/1-4-4-costs-of-production.html,"on: Occurs when there is rise in the costs of production for firms, shifting the SRAS curve leftwards",anchor wraps existing prose; no text added or reworded
revision-notes/aqa-a2-macro/2-3-4-possible-conflicts-between-macroeconomic-policy-objectives.html,related,Supply-side policies,/revision-notes/aqa-a2-macro/2-5-2-supply-side-policies.html,to achieve multiple objectives simultaneously through Supply-side policies. For example:,anchor wraps existing prose; no text added or reworded
revision-notes/aqa-a2-macro/2-4-3-central-banks-and-monetary-policy.html,related,derived demand,/revision-notes/aqa-a2-micro/1-6-1-the-demand-for-labour-marginal-productivity-theory.html,"higher demand for goods and services. Therefore the derived demand for labour rises, so unemployment falls.",anchor wraps existing prose; no text added or reworded
revision-notes/aqa-a2-macro/2-5-1-fiscal-policy.html,related,costs of production,/revision-notes/aqa-a2-micro/1-4-4-costs-of-production.html,"A fal in indirect taxes decreases costs of production for businesses, increases funding available for inv",anchor wraps existing prose; no text added or reworded
revision-notes/aqa-a2-macro/2-5-1-fiscal-policy.html,related,derived demand,/revision-notes/aqa-a2-micro/1-6-1-the-demand-for-labour-marginal-productivity-theory.html,"higher demand for goods and services. Therefore the derived demand for labour rises, so unemployment falls.",anchor wraps existing prose; no text added or reworded
revision-notes/aqa-a2-macro/2-5-1-fiscal-policy.html,related,Technological change,/revision-notes/aqa-a2-micro/1-4-8-technological-change.html,Technological change can alter the cost and nature of public se,anchor wraps existing prose; no text added or reworded
revision-notes/aqa-a2-macro/2-5-2-supply-side-policies.html,related,costs of production,/revision-notes/aqa-a2-micro/1-4-4-costs-of-production.html,"on reduces barriers to entry to markets and reduces costs of production for firms. Therefore, this results in increased com",anchor wraps existing prose; no text added or reworded
revision-notes/aqa-a2-macro/2-5-2-supply-side-policies.html,related,productive efficiency,/revision-notes/aqa-a2-micro/1-5-10-market-structure-efficiency-resource-allocation.html,ompetition this firm lack the incentive to maximise productive efficiency and instead raise prices and lower the quality of g,anchor wraps existing prose; no text added or reworded
revision-notes/aqa-a2-macro/2-5-2-supply-side-policies.html,related,derived demand,/revision-notes/aqa-a2-micro/1-6-1-the-demand-for-labour-marginal-productivity-theory.html,"the actual output of the economy has increased, the derived demand for labour must rise to produce these extra goods a",anchor wraps existing prose; no text added or reworded
revision-notes/aqa-a2-macro/2-6-1-globalisation.html,related,economic growth and development,/revision-notes/aqa-a2-macro/2-6-5-economic-growth-and-development.html,"tment, and technology transfer, which can stimulate economic growth and development. <strong",anchor wraps existing prose; no text added or reworded
revision-notes/aqa-a2-macro/2-6-2-trade.html,related,returns to scale,/revision-notes/aqa-a2-micro/1-4-3-the-law-of-diminishing-returns-and-returns-to-scale.html,Constant returns to scale: assumes that doubling inputs will double,anchor wraps existing prose; no text added or reworded
revision-notes/aqa-a2-macro/2-6-2-trade.html,related,producer surplus,/revision-notes/aqa-a2-micro/1-5-11-consumer-and-producer-surplus.html,Green Area: Gain in domestic producer surplus,anchor wraps existing prose; no text added or reworded
revision-notes/aqa-a2-macro/2-6-2-trade.html,related,Economies of scale,/revision-notes/aqa-a2-micro/1-4-5-economies-and-diseconomies-of-scale.html,Economies of scale: larger markets allow firms to produce at,anchor wraps existing prose; no text added or reworded
revision-notes/aqa-a2-macro/2-6-3-the-balance-of-payments.html,related,fiscal policy,/revision-notes/aqa-a2-macro/2-5-1-fiscal-policy.html,h can reduce imports. Examples include contractionary fiscal policy and higher interest rates.,anchor wraps existing prose; no text added or reworded
revision-notes/aqa-a2-macro/2-6-3-the-balance-of-payments.html,related,Supply-side policies,/revision-notes/aqa-a2-macro/2-5-2-supply-side-policies.html,s Supply-side policies: These aim to increase the competitiveness of,anchor wraps existing prose; no text added or reworded
revision-notes/aqa-a2-micro/1-1-5-production-possibility-diagrams.html,related,Allocative efficiency,/revision-notes/aqa-a2-micro/1-5-10-market-structure-efficiency-resource-allocation.html,Allocative Efficiency Allocative efficiency occurs when the economy produces the combination of g,anchor wraps existing prose; no text added or reworded
revision-notes/aqa-a2-micro/1-2-4-behavioural-economics-and-economic-policy.html,related,consumer behaviour,/revision-notes/aqa-a2-micro/1-2-1-consumer-behaviour.html,in which choice architecture can be used to influence consumer behaviour:,anchor wraps existing prose; no text added or reworded
revision-notes/aqa-a2-micro/1-4-4-costs-of-production.html,related,productive efficiency,/revision-notes/aqa-a2-micro/1-5-10-market-structure-efficiency-resource-allocation.html,the point where the firm is maximising productive efficiency. <sec,anchor wraps existing prose; no text added or reworded
revision-notes/aqa-a2-micro/1-4-4-costs-of-production.html,related,Returns to Scale,/revision-notes/aqa-a2-micro/1-4-3-the-law-of-diminishing-returns-and-returns-to-scale.html,"Economies of scale (Increasing Returns to Scale): As output rises, LRAC",anchor wraps existing prose; no text added or reworded
revision-notes/aqa-a2-micro/1-4-4-costs-of-production.html,related,Diseconomies of scale,/revision-notes/aqa-a2-micro/1-4-5-economies-and-diseconomies-of-scale.html,> Diseconomies of scale (Decreasing Returns to Scale):</strong,anchor wraps existing prose; no text added or reworded
revision-notes/aqa-a2-micro/1-4-6-marginal-average-and-total-revenue.html,related,perfect competition,/revision-notes/aqa-a2-micro/1-5-3-perfect-competition.html,"n Perfect Competition Firms in perfect competition are price takers , so they sell at th",anchor wraps existing prose; no text added or reworded
revision-notes/aqa-a2-micro/1-4-8-technological-change.html,related,costs of production,/revision-notes/aqa-a2-micro/1-4-4-costs-of-production.html,Lower costs of production: technological advancements can reduce the,anchor wraps existing prose; no text added or reworded
revision-notes/aqa-a2-micro/1-5-1-market-structures.html,related,perfect competition,/revision-notes/aqa-a2-micro/1-5-3-perfect-competition.html,"between them. The spectrum of competition ranges from perfect competition to pure monopoly, with various market structures in b",anchor wraps existing prose; no text added or reworded
revision-notes/aqa-a2-micro/1-5-1-market-structures.html,related,Monopolistic competition,/revision-notes/aqa-a2-micro/1-5-4-monopolistic-competition.html,"Monopolistic competition <span class=""comp-spe",anchor wraps existing prose; no text added or reworded
revision-notes/aqa-a2-micro/1-5-10-market-structure-efficiency-resource-allocation.html,related,perfect competition,/revision-notes/aqa-a2-micro/1-5-3-perfect-competition.html,"trong>. However, perfect competition may lack dynamic efficie",anchor wraps existing prose; no text added or reworded
revision-notes/aqa-a2-micro/1-5-11-consumer-and-producer-surplus.html,related,costs of production,/revision-notes/aqa-a2-micro/1-4-4-costs-of-production.html,"Cause: e.g., A fall in costs of production or a government subsidy.",anchor wraps existing prose; no text added or reworded
revision-notes/aqa-a2-micro/1-5-11-consumer-and-producer-surplus.html,related,price discrimination,/revision-notes/aqa-a2-micro/1-5-7-price-discrimination.html,"gure> Prior to price discrimination, consumer and producer surplus are distributed as sho",anchor wraps existing prose; no text added or reworded
revision-notes/aqa-a2-micro/1-5-2-the-objectives-of-firms.html,related,economies of scale,/revision-notes/aqa-a2-micro/1-4-5-economies-and-diseconomies-of-scale.html,market share or benefit from economies of scale to lower average costs. Both of these can in,anchor wraps existing prose; no text added or reworded
revision-notes/aqa-a2-micro/1-5-3-perfect-competition.html,related,Productive efficiency,/revision-notes/aqa-a2-micro/1-5-10-market-structure-efficiency-resource-allocation.html,m Productive efficiency: Yes - Firms in perfect competition produce at,anchor wraps existing prose; no text added or reworded
revision-notes/aqa-a2-micro/1-5-4-monopolistic-competition.html,related,Productive efficiency,/revision-notes/aqa-a2-micro/1-5-10-market-structure-efficiency-resource-allocation.html,m Productive efficiency: No - The firm does n,anchor wraps existing prose; no text added or reworded
revision-notes/aqa-a2-micro/1-5-4-monopolistic-competition.html,related,economies of scale,/revision-notes/aqa-a2-micro/1-4-5-economies-and-diseconomies-of-scale.html,"to charge a premium. Firms are also small and lack economies of scale, which can lead to higher production costs and pric",anchor wraps existing prose; no text added or reworded
revision-notes/aqa-a2-micro/1-5-5-oligopoly.html,related,economies of scale,/revision-notes/aqa-a2-micro/1-4-5-economies-and-diseconomies-of-scale.html,"to entry: High barriers to entry, such as economies of scale, brand loyalty, and legal restrictions, limit compe",anchor wraps existing prose; no text added or reworded
revision-notes/aqa-a2-micro/1-5-5-oligopoly.html,related,price elasticity of demand,/revision-notes/aqa-a2-micro/1-3-2-price-income-and-cross-elasticities-of-demand.html,"rease brand awareness and loyalty, which can reduce price elasticity of demand. <strong",anchor wraps existing prose; no text added or reworded
revision-notes/aqa-a2-micro/1-5-6-monopoly-and-monopoly-power.html,related,Productive efficiency,/revision-notes/aqa-a2-micro/1-5-10-market-structure-efficiency-resource-allocation.html,> Productive efficiency: No - The firm does,anchor wraps existing prose; no text added or reworded
revision-notes/aqa-a2-micro/1-5-6-monopoly-and-monopoly-power.html,related,diseconomies of scale,/revision-notes/aqa-a2-micro/1-4-5-economies-and-diseconomies-of-scale.html,d costs over a larger output and does not suffer from diseconomies of scale. This means that a single firm can produce at a lower,anchor wraps existing prose; no text added or reworded
revision-notes/aqa-a2-micro/1-5-7-price-discrimination.html,related,consumer surplus,/revision-notes/aqa-a2-micro/1-5-11-consumer-and-producer-surplus.html,"aximum price they are willing to pay, capturing all consumer surplus as profit e.g. auctions.",anchor wraps existing prose; no text added or reworded
revision-notes/aqa-a2-micro/1-5-7-price-discrimination.html,related,Economies of Scale,/revision-notes/aqa-a2-micro/1-4-5-economies-and-diseconomies-of-scale.html,ounts or premium versions. Also known as Purchasing Economies of Scale. <span c,anchor wraps existing prose; no text added or reworded
revision-notes/aqa-a2-micro/1-5-9-contestable-and-non-contestable-markets.html,related,perfect competition,/revision-notes/aqa-a2-micro/1-5-3-perfect-competition.html,"et, the more firm behaviour tends to resemble perfect competition , with lower prices, higher output, and great",anchor wraps existing prose; no text added or reworded
revision-notes/aqa-a2-micro/1-5-9-contestable-and-non-contestable-markets.html,related,allocative efficiency,/revision-notes/aqa-a2-micro/1-5-10-market-structure-efficiency-resource-allocation.html,"trong>, with lower prices, higher output, and greater allocative efficiency. This means it i",anchor wraps existing prose; no text added or reworded
revision-notes/aqa-a2-micro/1-6-1-the-demand-for-labour-marginal-productivity-theory.html,related,law of diminishing returns,/revision-notes/aqa-a2-micro/1-4-3-the-law-of-diminishing-returns-and-returns-to-scale.html,"trong>, and it slopes downward because of the law of diminishing returns . <div class=""chart-contain",anchor wraps existing prose; no text added or reworded
revision-notes/aqa-a2-micro/1-6-2-influence-upon-the-supply-of-labour-to-different-markets.html,related,technological change,/revision-notes/aqa-a2-micro/1-4-8-technological-change.html,"the need for specific training or qualifications, and technological change. Government Policies to Improve",anchor wraps existing prose; no text added or reworded
revision-notes/aqa-a2-micro/1-6-4-wage-determination-imperfectly-competitive-labour-markets.html,related,Imperfect Information,/revision-notes/aqa-a2-micro/1-2-2-imperfect-information.html,Imperfect Information: when workers do not have perfect informat,anchor wraps existing prose; no text added or reworded
revision-notes/aqa-a2-micro/1-6-4-wage-determination-imperfectly-competitive-labour-markets.html,related,marginal revenue product,/revision-notes/aqa-a2-micro/1-6-1-the-demand-for-labour-marginal-productivity-theory.html,inal cost of labour (MCL) equals the marginal revenue product of labour (MRPL) .,anchor wraps existing prose; no text added or reworded
revision-notes/aqa-a2-micro/1-6-5-the-influence-of-trade-unions-in-determining-wages-and-levels-of-employment.html,related,monopsonist,/revision-notes/aqa-a2-micro/1-6-4-wage-determination-imperfectly-competitive-labour-markets.html,"ateral monopoly, meaning there is a single buyer (the monopsonist) and a single seller (the trade union) of labour. Thi",anchor wraps existing prose; no text added or reworded
revision-notes/aqa-a2-micro/1-6-7-discrimination-in-the-labour-market.html,related,Monopsony,/revision-notes/aqa-a2-micro/1-6-4-wage-determination-imperfectly-competitive-labour-markets.html,/p> Monopsony Power: Employers have a degree of control,anchor wraps existing prose; no text added or reworded
revision-notes/aqa-a2-micro/1-8-10-government-failure.html,related,demerit goods,/revision-notes/aqa-a2-micro/1-8-5-merit-and-demerit-goods.html,"xample: A minimum price for demerit goods such as alcohol may reduce consumption, but it can al",anchor wraps existing prose; no text added or reworded
revision-notes/aqa-a2-micro/1-8-10-government-failure.html,related,imperfect information,/revision-notes/aqa-a2-micro/1-2-2-imperfect-information.html,"rnments also suffer from imperfect information and bounded rationality , just",anchor wraps existing prose; no text added or reworded
revision-notes/aqa-a2-micro/1-8-2-the-meaning-of-market-failure.html,related,allocative efficiency,/revision-notes/aqa-a2-micro/1-5-10-market-structure-efficiency-resource-allocation.html,> This results in a loss of allocative efficiency and a misallocation of resources from societ,anchor wraps existing prose; no text added or reworded
revision-notes/aqa-a2-micro/1-8-2-the-meaning-of-market-failure.html,related,positive externalities,/revision-notes/aqa-a2-micro/1-8-4-positive-and-negative-externalities-in-consumption-and-production.html,and under-provide/consume goods with positive externalities. Public Goods,anchor wraps existing prose; no text added or reworded
revision-notes/aqa-a2-micro/1-8-2-the-meaning-of-market-failure.html,related,consumer surplus,/revision-notes/aqa-a2-micro/1-5-11-consumer-and-producer-surplus.html,"tricts output to raise prices, resulting in a loss of consumer surplus and a deadweight welfare loss to society.",anchor wraps existing prose; no text added or reworded
revision-notes/aqa-a2-micro/1-8-3-public-goods-private-goods-and-quasi-public-goods.html,related,Technological Change,/revision-notes/aqa-a2-micro/1-4-8-technological-change.html,The Significance of Technological Change: technological advancements can transform qu,anchor wraps existing prose; no text added or reworded
revision-notes/aqa-a2-micro/1-8-4-positive-and-negative-externalities-in-consumption-and-production.html,related,costs of production,/revision-notes/aqa-a2-micro/1-4-4-costs-of-production.html,"span class=""key-definition"">Private costs: the costs of production incurred by the producers directly involved in the tr",anchor wraps existing prose; no text added or reworded
revision-notes/aqa-a2-micro/1-8-4-positive-and-negative-externalities-in-consumption-and-production.html,related,demerit goods,/revision-notes/aqa-a2-micro/1-8-5-merit-and-demerit-goods.html,mokers through second-hand smoke. These are demerit goods .,anchor wraps existing prose; no text added or reworded
revision-notes/aqa-a2-micro/1-8-5-merit-and-demerit-goods.html,related,positive externalities,/revision-notes/aqa-a2-micro/1-8-4-positive-and-negative-externalities-in-consumption-and-production.html,"ey-definition"">Merit goods: goods that exhibit positive externalities in their consumption or production, and are therefore",anchor wraps existing prose; no text added or reworded
revision-notes/aqa-a2-micro/1-8-5-merit-and-demerit-goods.html,related,Imperfect information,/revision-notes/aqa-a2-micro/1-2-2-imperfect-information.html,Imperfect Information Imperfect information can lead to the under-consumption of merit goods and,anchor wraps existing prose; no text added or reworded
revision-notes/aqa-a2-micro/1-8-6-market-imperfections.html,related,consumer surplus,/revision-notes/aqa-a2-micro/1-5-11-consumer-and-producer-surplus.html,"ces above the competitive level, leading to a loss of consumer surplus and a transfer of wealth from consumers to producers.",anchor wraps existing prose; no text added or reworded
revision-notes/aqa-a2-micro/1-8-6-market-imperfections.html,related,productive efficiency,/revision-notes/aqa-a2-micro/1-5-10-market-structure-efficiency-resource-allocation.html,"can also lead to a reduction in output and a loss of productive efficiency, as monopolies may not have the same incentives to mi",anchor wraps existing prose; no text added or reworded
revision-notes/aqa-a2-micro/1-8-8-public-ownership-privatisation-regulation-and-deregulation-of-markets.html,related,Allocative Efficiency,/revision-notes/aqa-a2-micro/1-5-10-market-structure-efficiency-resource-allocation.html,n the diagram above as the Government produces at the Allocative Efficiency point (AR=LRMC). Public ownership results in:,anchor wraps existing prose; no text added or reworded
revision-notes/aqa-a2-micro/1-8-8-public-ownership-privatisation-regulation-and-deregulation-of-markets.html,related,consumer surplus,/revision-notes/aqa-a2-micro/1-5-11-consumer-and-producer-surplus.html,li> Higher output Higher consumer surplus Lower profits for the firm,anchor wraps existing prose; no text added or reworded
revision-notes/aqa-a2-micro/1-8-9-government-intervention-in-markets.html,related,demerit goods,/revision-notes/aqa-a2-micro/1-8-5-merit-and-demerit-goods.html,"ose: to reduce consumption and production of demerit goods, such as tobacco or alcohol, and to generate governme",anchor wraps existing prose; no text added or reworded
revision-notes/aqa-a2-micro/1-8-9-government-intervention-in-markets.html,related,price elasticity of demand,/revision-notes/aqa-a2-micro/1-3-2-price-income-and-cross-elasticities-of-demand.html,"the effectiveness of an indirect tax depends on the price elasticity of demand (PED) for the good. If demand is inelastic, the tax",anchor wraps existing prose; no text added or reworded
revision-notes/aqa-a2-micro/1-8-9-government-intervention-in-markets.html,related,positive externalities,/revision-notes/aqa-a2-micro/1-8-4-positive-and-negative-externalities-in-consumption-and-production.html,"consumption and production of merit goods, encourage positive externalities, and support producers.",anchor wraps existing prose; no text added or reworded
revision-notes/edexcel-theme-1/1-1-4-production-possibility-frontiers.html,related,Allocative efficiency,/revision-notes/edexcel-theme-3/3-4-1-efficiency.html,Allocative Efficiency Allocative efficiency occurs when the economy produces the combination of g,anchor wraps existing prose; no text added or reworded
revision-notes/edexcel-theme-1/1-2-10-alternative-views-of-consumer-behaviour.html,related,tariffs,/revision-notes/edexcel-theme-4/4-1-6-restrictions-on-free-trade.html,"Complex tariffs, bundles, or pricing structures can make it harder",anchor wraps existing prose; no text added or reworded
revision-notes/edexcel-theme-1/1-2-3-price-income-cross-elasticities-of-demand.html,related,indirect tax,/revision-notes/edexcel-theme-1/1-2-9-indirect-taxes-subsidies.html,PED &amp; Taxation: Placing an indirect tax on goods with inelastic demand (e.g.,anchor wraps existing prose; no text added or reworded
revision-notes/edexcel-theme-1/1-3-1-types-of-market-failure.html,related,allocative efficiency,/revision-notes/edexcel-theme-3/3-4-1-efficiency.html,> This results in a loss of allocative efficiency and a misallocation of resources from societ,anchor wraps existing prose; no text added or reworded
revision-notes/edexcel-theme-1/1-3-1-types-of-market-failure.html,related,positive externalities,/revision-notes/edexcel-theme-1/1-3-2-externalities.html,and under-provide/consume goods with positive externalities. Public Goods,anchor wraps existing prose; no text added or reworded
revision-notes/edexcel-theme-1/1-3-1-types-of-market-failure.html,related,Asymmetric information,/revision-notes/edexcel-theme-1/1-3-4-information-gaps.html,Asymmetric information: when one party in a transaction has more or b,anchor wraps existing prose; no text added or reworded
revision-notes/edexcel-theme-1/1-3-4-information-gaps.html,related,allocative efficiency,/revision-notes/edexcel-theme-3/3-4-1-efficiency.html,This results in a loss of allocative efficiency . <sec,anchor wraps existing prose; no text added or reworded
revision-notes/edexcel-theme-1/1-4-1-government-intervention-in-markets.html,related,indirect tax,/revision-notes/edexcel-theme-1/1-2-9-indirect-taxes-subsidies.html,"Effect: an indirect tax increases costs for producers, shifting the",anchor wraps existing prose; no text added or reworded
revision-notes/edexcel-theme-1/1-4-1-government-intervention-in-markets.html,related,negative externalities,/revision-notes/edexcel-theme-1/1-3-2-externalities.html,g>S=MPC curve to the left. This internalises negative externalities and leads to a higher price being paid by consumers a,anchor wraps existing prose; no text added or reworded
revision-notes/edexcel-theme-1/1-4-1-government-intervention-in-markets.html,related,price elasticity of demand,/revision-notes/edexcel-theme-1/1-2-3-price-income-cross-elasticities-of-demand.html,"the effectiveness of an indirect tax depends on the price elasticity of demand (PED) for the good. If demand is inelastic, the tax",anchor wraps existing prose; no text added or reworded
revision-notes/edexcel-theme-1/1-4-2-government-failure.html,related,indirect tax,/revision-notes/edexcel-theme-1/1-2-9-indirect-taxes-subsidies.html,"of cigarettes, and as a result they may implement an indirect tax that is too high. This could actually result in under",anchor wraps existing prose; no text added or reworded
revision-notes/edexcel-theme-2/2-1-2-inflation.html,related,international competitiveness,/revision-notes/edexcel-theme-4/4-1-9-international-competitiveness.html,lation than trading partners erodes international competitiveness Fi,anchor wraps existing prose; no text added or reworded
revision-notes/edexcel-theme-2/2-1-2-inflation.html,related,national debt,/revision-notes/edexcel-theme-4/4-5-3-public-sector-finances.html,ncrease the government's budget deficit and national debt.,anchor wraps existing prose; no text added or reworded
revision-notes/edexcel-theme-2/2-1-3-employment-unemployment.html,related,demand-side policies,/revision-notes/edexcel-theme-2/2-6-2-demand-side-policies.html,"nes the most appropriate policy response, such as demand-side policies for cyclical unemployment and supply-side policie",anchor wraps existing prose; no text added or reworded
revision-notes/edexcel-theme-2/2-1-3-employment-unemployment.html,related,supply-side policies,/revision-notes/edexcel-theme-2/2-6-3-supply-side-policies.html,emand-side policies for cyclical unemployment and supply-side policies for structural unemployment.,anchor wraps existing prose; no text added or reworded
revision-notes/edexcel-theme-2/2-1-3-employment-unemployment.html,related,negative output gap,/revision-notes/edexcel-theme-2/2-5-2-output-gaps.html,"/strong>, where cyclical unemployment indicates a negative output gap, and to fiscal policy , since hig",anchor wraps existing prose; no text added or reworded
revision-notes/edexcel-theme-2/2-1-4-balance-of-payments.html,related,Supply-Side Policies,/revision-notes/edexcel-theme-2/2-6-3-supply-side-policies.html,Supply-Side Policies: Improving productivity and competitivenes,anchor wraps existing prose; no text added or reworded
revision-notes/edexcel-theme-2/2-2-1-aggregate-demand.html,related,tariffs,/revision-notes/edexcel-theme-4/4-1-6-restrictions-on-free-trade.html,r growth in trading partners Lower tariffs abroad,anchor wraps existing prose; no text added or reworded
revision-notes/edexcel-theme-2/2-2-2-consumption.html,related,marginal propensity to consume,/revision-notes/edexcel-theme-2/2-4-4-the-multiplier.html,The marginal propensity to consume (MPC) is the proportion of an,anchor wraps existing prose; no text added or reworded
revision-notes/edexcel-theme-2/2-2-3-investment.html,related,long-run aggregate supply,/revision-notes/edexcel-theme-2/2-3-3-long-run-aggregate-supply.html,"g>productive potential and can shift long-run aggregate supply (LRAS) to the right, supporting non-inflatio",anchor wraps existing prose; no text added or reworded
revision-notes/edexcel-theme-2/2-2-4-government-expenditure.html,related,Supply-Side Policies,/revision-notes/edexcel-theme-2/2-6-3-supply-side-policies.html,"Long-term Supply-Side Policies: Spending on infrastructure, education, and",anchor wraps existing prose; no text added or reworded
revision-notes/edexcel-theme-2/2-2-4-government-expenditure.html,related,long-run aggregate supply,/revision-notes/edexcel-theme-2/2-3-3-long-run-aggregate-supply.html,technology can increase productive capacity and shift long-run aggregate supply to the right.,anchor wraps existing prose; no text added or reworded
revision-notes/edexcel-theme-2/2-2-4-government-expenditure.html,related,automatic stabilisers,/revision-notes/edexcel-theme-4/4-5-3-public-sector-finances.html,"ary: Know the difference between automatic stabilisers , which operate without new laws, and",anchor wraps existing prose; no text added or reworded
revision-notes/edexcel-theme-2/2-2-5-net-trade.html,related,protectionism,/revision-notes/edexcel-theme-4/4-1-6-restrictions-on-free-trade.html,"educe imports and improve the trade balance. However, protectionism can also lead to retaliation from trading partners, w",anchor wraps existing prose; no text added or reworded
revision-notes/edexcel-theme-2/2-3-3-long-run-aggregate-supply.html,related,supply-side policies,/revision-notes/edexcel-theme-2/2-6-3-supply-side-policies.html,that governments use to shift LRAS are called supply-side policies . These are covered in detail in 2.6.3 Supply,anchor wraps existing prose; no text added or reworded
revision-notes/edexcel-theme-2/2-4-1-national-income.html,related,injections and withdrawals,/revision-notes/edexcel-theme-2/2-4-2-injections-withdrawals.html,( J = W \) and analyse what happens when injections and withdrawals are unequal.,anchor wraps existing prose; no text added or reworded
revision-notes/edexcel-theme-2/2-4-2-injections-withdrawals.html,related,marginal propensity to consume,/revision-notes/edexcel-theme-2/2-4-4-the-multiplier.html,"hen spends a proportion of it, based on their marginal propensity to consume (MPC) , which becomes income for others, and",anchor wraps existing prose; no text added or reworded
revision-notes/edexcel-theme-2/2-4-3-equilibrium-levels-of-real-national-output.html,related,short-run aggregate supply,/revision-notes/edexcel-theme-2/2-3-2-short-run-aggregate-supply.html,re aggregate demand equals short-run aggregate supply . It determines the actual price lev,anchor wraps existing prose; no text added or reworded
revision-notes/edexcel-theme-2/2-5-1-causes-of-growth.html,related,production possibility frontier,/revision-notes/edexcel-theme-1/1-1-4-production-possibility-frontiers.html,LRAS curve and the production possibility frontier . This is an increase in potential ou,anchor wraps existing prose; no text added or reworded
revision-notes/edexcel-theme-2/2-5-3-trade-cycle.html,related,positive output gap,/revision-notes/edexcel-theme-2/2-5-2-output-gaps.html,">boom , the economy operates with a positive output gap , where actual output is above potential ou",anchor wraps existing prose; no text added or reworded
revision-notes/edexcel-theme-2/2-5-3-trade-cycle.html,related,demand-side policies,/revision-notes/edexcel-theme-2/2-6-2-demand-side-policies.html,>Evaluate the role of government demand-side policies in stabilising the cycle.,anchor wraps existing prose; no text added or reworded
revision-notes/edexcel-theme-2/2-6-1-possible-macroeconomic-objectives.html,related,international competitiveness,/revision-notes/edexcel-theme-4/4-1-9-international-competitiveness.html,"y for consumers and firms, protects savings, supports international competitiveness, and avoids the costs of hyperinflation or deflation.",anchor wraps existing prose; no text added or reworded
revision-notes/edexcel-theme-2/2-6-1-possible-macroeconomic-objectives.html,related,national debt,/revision-notes/edexcel-theme-4/4-5-3-public-sector-finances.html,balanced fiscal position helps control national debt . High budget deficits can raise debt-servici,anchor wraps existing prose; no text added or reworded
revision-notes/edexcel-theme-2/2-6-1-possible-macroeconomic-objectives.html,related,Gini coefficient,/revision-notes/edexcel-theme-4/4-2-2-inequality.html,"inequality, often measured by the Gini coefficient , to socially acceptable levels.",anchor wraps existing prose; no text added or reworded
revision-notes/edexcel-theme-2/2-6-2-demand-side-policies.html,related,derived demand,/revision-notes/edexcel-theme-3/3-5-1-demand-for-labour.html,"higher demand for goods and services. Therefore the derived demand for labour rises, so unemployment falls.",anchor wraps existing prose; no text added or reworded
revision-notes/edexcel-theme-2/2-6-2-demand-side-policies.html,related,national debt,/revision-notes/edexcel-theme-4/4-5-3-public-sector-finances.html,"r than tax revenue, so the government must borrow and national debt rises. <span cla",anchor wraps existing prose; no text added or reworded
revision-notes/edexcel-theme-2/2-6-2-demand-side-policies.html,related,international competitiveness,/revision-notes/edexcel-theme-4/4-1-9-international-competitiveness.html,"einvest to improve productivity/quality and improve international competitiveness, resulting in a rise in export demand.",anchor wraps existing prose; no text added or reworded
revision-notes/edexcel-theme-2/2-6-3-supply-side-policies.html,related,long-run aggregate supply,/revision-notes/edexcel-theme-2/2-3-3-long-run-aggregate-supply.html,f the economy by shifting the long-run aggregate supply (LRAS) curve to the right. </p,anchor wraps existing prose; no text added or reworded
revision-notes/edexcel-theme-2/2-6-3-supply-side-policies.html,related,trade unions,/revision-notes/edexcel-theme-3/3-5-3-wage-determination.html,ul> Decreasing the powers that trade unions have can reduce their negotiating power and result,anchor wraps existing prose; no text added or reworded
revision-notes/edexcel-theme-2/2-6-3-supply-side-policies.html,related,productive efficiency,/revision-notes/edexcel-theme-3/3-4-1-efficiency.html,ompetition this firm lack the incentive to maximise productive efficiency and instead raise prices and lower the quality of g,anchor wraps existing prose; no text added or reworded
revision-notes/edexcel-theme-3/3-1-1-sizes-types-of-firms.html,related,economies and diseconomies of scale,/revision-notes/edexcel-theme-3/3-3-3-economies-diseconomies-of-scale.html,"e key terminology accurately, especially economies and diseconomies of scale, satisficing, and the principal-agent problem.",anchor wraps existing prose; no text added or reworded
revision-notes/edexcel-theme-3/3-1-3-demergers.html,related,diseconomies of scale,/revision-notes/edexcel-theme-3/3-3-3-economies-diseconomies-of-scale.html,To reduce diseconomies of scale: Splitting up can reduce bureaucratic inef,anchor wraps existing prose; no text added or reworded
revision-notes/edexcel-theme-3/3-2-1-business-objectives.html,related,economies of scale,/revision-notes/edexcel-theme-3/3-3-3-economies-diseconomies-of-scale.html,market share or benefit from economies of scale to lower average costs. Both of these can in,anchor wraps existing prose; no text added or reworded
revision-notes/edexcel-theme-3/3-3-1-revenue.html,related,perfect competition,/revision-notes/edexcel-theme-3/3-4-2-perfect-competition.html,"n Perfect Competition Firms in perfect competition are price takers , so they sell at th",anchor wraps existing prose; no text added or reworded
revision-notes/edexcel-theme-3/3-3-2-costs.html,related,productive efficiency,/revision-notes/edexcel-theme-3/3-4-1-efficiency.html,the point where the firm is maximising productive efficiency. <sec,anchor wraps existing prose; no text added or reworded
revision-notes/edexcel-theme-3/3-3-2-costs.html,related,economies and diseconomies of scale,/revision-notes/edexcel-theme-3/3-3-3-economies-diseconomies-of-scale.html,trong> the LRAC curve and explain its shape using economies and diseconomies of scale. <,anchor wraps existing prose; no text added or reworded
revision-notes/edexcel-theme-3/3-4-1-efficiency.html,related,perfect competition,/revision-notes/edexcel-theme-3/3-4-2-perfect-competition.html,"trong>. However, perfect competition may lack dynamic efficie",anchor wraps existing prose; no text added or reworded
revision-notes/edexcel-theme-3/3-4-2-perfect-competition.html,related,Productive efficiency,/revision-notes/edexcel-theme-3/3-4-1-efficiency.html,m Productive efficiency: Yes - Firms in perfect competition produce at,anchor wraps existing prose; no text added or reworded
revision-notes/edexcel-theme-3/3-4-3-monopolistic-competition.html,related,Productive efficiency,/revision-notes/edexcel-theme-3/3-4-1-efficiency.html,m Productive efficiency: No - The firm does n,anchor wraps existing prose; no text added or reworded
revision-notes/edexcel-theme-3/3-4-3-monopolistic-competition.html,related,economies of scale,/revision-notes/edexcel-theme-3/3-3-3-economies-diseconomies-of-scale.html,"to charge a premium. Firms are also small and lack economies of scale, which can lead to higher production costs and pric",anchor wraps existing prose; no text added or reworded
revision-notes/edexcel-theme-3/3-4-3-monopolistic-competition.html,related,perfect competition,/revision-notes/edexcel-theme-3/3-4-2-perfect-competition.html,"ng>Compare monopolistic competition with perfect competition: both earn normal profit in the long run, but mon",anchor wraps existing prose; no text added or reworded
revision-notes/edexcel-theme-3/3-4-4-oligopoly.html,related,economies of scale,/revision-notes/edexcel-theme-3/3-3-3-economies-diseconomies-of-scale.html,"to entry: High barriers to entry, such as economies of scale, brand loyalty, and legal restrictions, limit compe",anchor wraps existing prose; no text added or reworded
revision-notes/edexcel-theme-3/3-4-4-oligopoly.html,related,price elasticity of demand,/revision-notes/edexcel-theme-1/1-2-3-price-income-cross-elasticities-of-demand.html,"rease brand awareness and loyalty, which can reduce price elasticity of demand. <strong",anchor wraps existing prose; no text added or reworded
revision-notes/edexcel-theme-3/3-4-5-monopoly.html,related,asymmetric information,/revision-notes/edexcel-theme-1/1-3-4-information-gaps.html,"There is asymmetric information in a monopoly, as the firm has more inform",anchor wraps existing prose; no text added or reworded
revision-notes/edexcel-theme-3/3-4-5-monopoly.html,related,Productive efficiency,/revision-notes/edexcel-theme-3/3-4-1-efficiency.html,> Productive efficiency: No - The firm does,anchor wraps existing prose; no text added or reworded
revision-notes/edexcel-theme-3/3-4-5-monopoly.html,related,consumer surplus,/revision-notes/edexcel-theme-1/1-2-8-producer-consumer-surplus.html,"ferent consumer groups, allowing it to capture more consumer surplus. The fir",anchor wraps existing prose; no text added or reworded
revision-notes/edexcel-theme-3/3-4-7-contestability.html,related,perfect competition,/revision-notes/edexcel-theme-3/3-4-2-perfect-competition.html,"et, the more firm behaviour tends to resemble perfect competition , with lower prices, higher output, and great",anchor wraps existing prose; no text added or reworded
revision-notes/edexcel-theme-3/3-4-7-contestability.html,related,allocative efficiency,/revision-notes/edexcel-theme-3/3-4-1-efficiency.html,"trong>, with lower prices, higher output, and greater allocative efficiency. This means it i",anchor wraps existing prose; no text added or reworded
revision-notes/edexcel-theme-3/3-5-3-wage-determination.html,related,monopsonist,/revision-notes/edexcel-theme-3/3-4-6-monopsony.html,"t buyer of labour. For example, the NHS is a monopsonist in the UK healthcare labour market. </p",anchor wraps existing prose; no text added or reworded
revision-notes/edexcel-theme-3/3-5-3-wage-determination.html,related,marginal revenue product,/revision-notes/edexcel-theme-3/3-5-1-demand-for-labour.html,inal cost of labour (MCL) equals the marginal revenue product of labour (MRPL) .,anchor wraps existing prose; no text added or reworded
revision-notes/edexcel-theme-3/3-6-1-government-intervention.html,related,monopsony power,/revision-notes/edexcel-theme-3/3-4-6-monopsony.html,suppliers to aggregate their supply to help counter monopsony power. <strong,anchor wraps existing prose; no text added or reworded
revision-notes/edexcel-theme-3/3-6-1-government-intervention.html,related,National Minimum Wage,/revision-notes/edexcel-theme-3/3-5-3-wage-determination.html,h3> National Minimum Wage: a legally enforced wage floor to ensure w,anchor wraps existing prose; no text added or reworded
revision-notes/edexcel-theme-3/3-6-2-the-impact-of-government-intervention.html,related,allocative efficiency,/revision-notes/edexcel-theme-3/3-4-1-efficiency.html,of businesses and products for consumers to improve allocative efficiency. <strong,anchor wraps existing prose; no text added or reworded
revision-notes/edexcel-theme-3/3-6-2-the-impact-of-government-intervention.html,related,government failure,/revision-notes/edexcel-theme-1/1-4-2-government-failure.html,"Government intervention can fail, producing government failure , where the intervention results in larger ma",anchor wraps existing prose; no text added or reworded
revision-notes/edexcel-theme-3/3-6-2-the-impact-of-government-intervention.html,related,Asymmetric information,/revision-notes/edexcel-theme-1/1-3-4-information-gaps.html,/p> Asymmetric information: often the regulator lacks the expertise o,anchor wraps existing prose; no text added or reworded
revision-notes/edexcel-theme-4/4-1-1-globalisation.html,related,comparative advantage,/revision-notes/edexcel-theme-4/4-1-2-specialisation-trade.html,"globalisation to concepts such as specialisation, comparative advantage, FDI, and inequality.",anchor wraps existing prose; no text added or reworded
revision-notes/edexcel-theme-4/4-1-1-globalisation.html,related,protectionism,/revision-notes/edexcel-theme-4/4-1-6-restrictions-on-free-trade.html,"referring to ideas such as slowbalisation, rising protectionism, and reshoring when relevant. <",anchor wraps existing prose; no text added or reworded
revision-notes/edexcel-theme-4/4-1-2-specialisation-trade.html,related,tariffs,/revision-notes/edexcel-theme-4/4-1-6-restrictions-on-free-trade.html,"ng>No trade barriers: assumes there are no tariffs, quotas, or other restrictions on trade",anchor wraps existing prose; no text added or reworded
revision-notes/edexcel-theme-4/4-1-3-pattern-of-trade.html,related,Comparative advantage,/revision-notes/edexcel-theme-4/4-1-2-specialisation-trade.html,h2> Comparative advantage: Countries will specialise in producing go,anchor wraps existing prose; no text added or reworded
revision-notes/edexcel-theme-4/4-1-4-terms-of-trade.html,related,price elasticity of demand,/revision-notes/edexcel-theme-1/1-2-3-price-income-cross-elasticities-of-demand.html,The effects depend heavily on the price elasticity of demand (PED) for exports and imports.,anchor wraps existing prose; no text added or reworded
revision-notes/edexcel-theme-4/4-1-5-trading-blocs-and-the-world-trade-organisation.html,related,tariffs,/revision-notes/edexcel-theme-4/4-1-6-restrictions-on-free-trade.html,Member countries remove tariffs and quotas on trade Each,anchor wraps existing prose; no text added or reworded
revision-notes/edexcel-theme-4/4-1-5-trading-blocs-and-the-world-trade-organisation.html,related,Economies of scale,/revision-notes/edexcel-theme-3/3-3-3-economies-diseconomies-of-scale.html,Economies of scale: larger markets allow firms to produce at,anchor wraps existing prose; no text added or reworded
revision-notes/edexcel-theme-4/4-1-6-restrictions-on-free-trade.html,related,producer surplus,/revision-notes/edexcel-theme-1/1-2-8-producer-consumer-surplus.html,Green Area: Gain in domestic producer surplus,anchor wraps existing prose; no text added or reworded
revision-notes/edexcel-theme-4/4-1-7-balance-of-payments.html,related,tariffs,/revision-notes/edexcel-theme-4/4-1-6-restrictions-on-free-trade.html,"tically produced goods and services. Examples include tariffs, quotas, and devaluation of the currency.",anchor wraps existing prose; no text added or reworded
revision-notes/edexcel-theme-4/4-1-7-balance-of-payments.html,related,Supply-side policies,/revision-notes/edexcel-theme-2/2-6-3-supply-side-policies.html,s Supply-side policies: These aim to increase the competitiveness of,anchor wraps existing prose; no text added or reworded
revision-notes/edexcel-theme-4/4-3-3-strategies-influencing-growth-development.html,related,comparative advantage,/revision-notes/edexcel-theme-4/4-1-2-specialisation-trade.html,"> Countries may exploit their comparative advantage in commodities such as oil or coffee, which",anchor wraps existing prose; no text added or reworded
revision-notes/edexcel-theme-4/4-4-1-role-of-financial-markets.html,related,asymmetric information,/revision-notes/edexcel-theme-1/1-3-4-information-gaps.html,"ng>Evaluate market failure by discussing asymmetric information, bubbles, and systemic risk.",anchor wraps existing prose; no text added or reworded
revision-notes/edexcel-theme-4/4-4-2-market-failure-in-the-financial-sector.html,related,Asymmetric information,/revision-notes/edexcel-theme-1/1-3-4-information-gaps.html,n Asymmetric information occurs when one party in a transaction has mor,anchor wraps existing prose; no text added or reworded
revision-notes/edexcel-theme-4/4-4-2-market-failure-in-the-financial-sector.html,related,negative externalities,/revision-notes/edexcel-theme-1/1-3-2-externalities.html,"ctly involved in a transaction. In financial markets, negative externalities can arise when the actions of financial institutions",anchor wraps existing prose; no text added or reworded
revision-notes/edexcel-theme-4/4-5-2-taxation.html,related,indirect tax,/revision-notes/edexcel-theme-1/1-2-9-indirect-taxes-subsidies.html,"roeconomic effects of changing direct or indirect tax rates on growth, inflation, employment, and equit",anchor wraps existing prose; no text added or reworded
revision-notes/edexcel-theme-4/4-5-4-macroeconomic-policies-in-a-global-context.html,related,national debt,/revision-notes/edexcel-theme-4/4-5-3-public-sector-finances.html,"/strong> Governments can reduce fiscal deficits and national debt by implementing fiscal austerity measures, which in",anchor wraps existing prose; no text added or reworded
revision-notes/edexcel-theme-4/4-5-4-macroeconomic-policies-in-a-global-context.html,related,Supply-side policies,/revision-notes/edexcel-theme-2/2-6-3-supply-side-policies.html,h3> Supply-side policies: Governments can implement supply-side pol,anchor wraps existing prose; no text added or reworded
revision-notes/edexcel-theme-4/4-5-4-macroeconomic-policies-in-a-global-context.html,related,international competitiveness,/revision-notes/edexcel-theme-4/4-1-9-international-competitiveness.html,"ition, and improve efficiency, ultimately enhancing international competitiveness. <strong",anchor wraps existing prose; no text added or reworded
